id_img,label
10004,sad
10019,sad
10023,angry
10029,surprise
1003,sad
10031,happy
10033,neutral
10043,sad
10044,sad
10048,sad
10052,sad
10053,sad
10056,surprise
10065,fear
10068,neutral
10073,sad
10074,happy
10079,angry
1008,neutral
10095,angry
10096,happy
10097,neutral
10099,neutral
101,surprise
10106,happy
10114,sad
10116,sad
10117,happy
10118,sad
10121,angry
10126,sad
10134,sad
10138,happy
10141,surprise
10148,angry
10150,happy
10162,surprise
10163,fear
10171,neutral
10172,sad
10176,sad
10185,surprise
10189,sad
1020,fear
10215,sad
10218,happy
1022,sad
10237,happy
1024,angry
10246,sad
10247,sad
10248,happy
10252,sad
10257,happy
10259,surprise
1026,sad
10263,neutral
10266,neutral
10267,angry
10268,surprise
1027,happy
10273,sad
10276,happy
10278,angry
10286,angry
10292,sad
10306,surprise
10312,happy
10315,angry
10317,happy
1033,surprise
10336,angry
10338,fear
10339,sad
10344,happy
10346,angry
10352,sad
10355,fear
10362,happy
10365,fear
10367,happy
10370,happy
10371,happy
10372,surprise
10375,happy
10382,sad
10383,fear
10386,sad
10399,happy
10406,neutral
10409,happy
10415,sad
10423,sad
10425,sad
10426,angry
10432,happy
10435,disgust
10437,sad
10443,sad
10444,surprise
10445,sad
1045,happy
10455,sad
10456,angry
10458,sad
10467,happy
10468,angry
10480,happy
10489,surprise
10493,surprise
10512,neutral
10518,neutral
10528,happy
10532,angry
10533,sad
10534,surprise
10535,angry
10540,happy
10545,surprise
10549,neutral
10551,happy
10552,happy
10554,angry
1056,happy
10561,fear
10571,sad
1058,happy
10583,neutral
10607,sad
10620,sad
10622,happy
10624,neutral
10625,fear
10634,fear
10638,neutral
10640,happy
10644,sad
10647,sad
10653,sad
10655,surprise
10676,sad
10683,happy
10686,neutral
10693,neutral
10694,neutral
10699,angry
10701,surprise
10702,neutral
10703,happy
1071,angry
10713,sad
10715,disgust
10734,surprise
1074,happy
10741,neutral
10743,angry
10746,angry
1075,sad
10755,happy
10758,sad
10768,surprise
10769,sad
10770,sad
10773,sad
10774,sad
1078,fear
10787,sad
1079,sad
10792,happy
10797,fear
10800,surprise
1081,happy
10811,happy
10813,neutral
10818,neutral
10820,surprise
10823,neutral
10825,neutral
10832,sad
10837,surprise
10839,happy
10841,neutral
10854,angry
10866,surprise
10871,sad
10879,fear
10881,neutral
10902,sad
10903,happy
10906,sad
10909,fear
10916,sad
10919,sad
10926,sad
1093,neutral
10931,surprise
10933,angry
10935,happy
1094,sad
10944,sad
10950,surprise
10956,happy
10968,sad
10970,angry
10979,fear
10992,happy
11000,fear
11002,sad
1101,sad
11017,sad
11019,happy
11022,sad
11024,angry
11025,sad
11026,sad
11028,sad
11030,fear
11031,sad
11032,surprise
11034,sad
11036,happy
11038,sad
11039,neutral
11043,neutral
11054,surprise
11055,sad
11057,neutral
1106,neutral
11065,sad
1107,neutral
11075,angry
11093,sad
11096,fear
11098,neutral
11100,sad
11104,angry
11108,happy
1111,happy
11112,fear
11126,neutral
11130,sad
11137,surprise
11138,surprise
11139,surprise
11140,sad
11143,sad
11146,happy
1115,disgust
11150,happy
11158,neutral
1116,sad
11163,fear
11168,sad
11169,happy
1118,surprise
11180,sad
11186,sad
11188,fear
11192,sad
112,neutral
11200,sad
11208,happy
11209,sad
1121,happy
11213,neutral
11218,sad
11222,disgust
11233,sad
11234,sad
11236,neutral
1124,angry
11241,neutral
11251,neutral
1126,sad
11264,sad
11266,sad
11269,neutral
1127,fear
11277,sad
11278,sad
1128,surprise
11280,sad
11284,sad
11295,sad
1130,fear
11302,surprise
11316,neutral
11317,sad
1133,sad
11337,angry
11342,sad
11345,happy
11346,sad
11349,happy
11353,angry
11358,sad
11360,happy
1137,neutral
11381,happy
11390,fear
11392,happy
11395,neutral
11398,sad
11400,sad
1141,sad
11412,angry
11414,surprise
11416,fear
11418,fear
1142,neutral
11421,fear
11429,angry
11448,sad
11451,surprise
11462,sad
11466,surprise
11467,angry
11471,fear
1148,sad
11491,neutral
115,sad
11500,happy
11508,sad
11516,sad
11518,neutral
1152,happy
11523,neutral
11529,disgust
11530,happy
11536,surprise
1154,happy
11549,sad
11552,happy
11558,happy
11559,surprise
1156,surprise
11560,sad
11561,fear
11573,happy
11575,happy
11581,sad
11582,sad
11587,neutral
11588,happy
11589,happy
1159,fear
11594,happy
11601,sad
11603,neutral
11604,happy
11610,angry
11613,neutral
11614,happy
11626,sad
11632,sad
11637,happy
11639,disgust
11640,happy
11642,sad
11646,happy
11653,surprise
11654,neutral
11658,happy
11660,happy
11662,sad
11670,surprise
11675,sad
11682,fear
11686,sad
11687,sad
11689,neutral
1169,neutral
11694,angry
11704,surprise
11706,sad
11717,happy
11721,surprise
11722,sad
11725,sad
11727,neutral
11729,sad
1173,happy
11733,happy
11738,fear
11746,sad
11747,disgust
11754,neutral
1176,neutral
11763,happy
11766,happy
1177,angry
11772,neutral
11774,sad
11783,sad
11785,happy
11786,angry
11790,sad
11793,happy
11794,sad
11808,happy
11813,angry
11814,happy
11816,sad
11818,neutral
11819,happy
11823,sad
11834,neutral
11835,fear
11836,sad
11841,surprise
11842,happy
11848,surprise
11849,angry
11850,happy
11855,angry
11865,angry
11867,sad
11872,sad
11875,sad
11876,fear
11880,neutral
11883,sad
11885,neutral
11889,surprise
1189,neutral
11891,sad
11902,surprise
11904,sad
11909,sad
11913,surprise
11927,happy
11928,neutral
1193,surprise
11944,fear
11949,sad
11964,sad
11966,sad
11968,fear
11977,neutral
11978,sad
1198,neutral
11986,angry
11999,sad
12011,happy
1202,happy
12024,happy
12040,sad
12042,neutral
1206,sad
12063,sad
12074,sad
12086,angry
12090,neutral
12092,angry
12096,neutral
12098,happy
12100,sad
12106,sad
12107,surprise
12113,sad
12116,sad
12117,neutral
12119,sad
12120,happy
12125,sad
12129,happy
12131,fear
12134,surprise
12136,sad
12141,happy
12144,angry
1215,sad
12162,sad
12171,sad
12173,neutral
12183,angry
12190,sad
12191,happy
1220,sad
12202,surprise
12215,neutral
1222,neutral
12230,angry
12237,neutral
12239,happy
12246,sad
12255,happy
12257,happy
12259,happy
12267,sad
1227,happy
12272,neutral
12284,happy
12289,fear
12307,sad
12312,surprise
12313,fear
12318,fear
12319,sad
12320,happy
12321,happy
12329,happy
12334,angry
12338,surprise
12349,happy
1235,angry
12350,surprise
12352,fear
12359,happy
12361,neutral
12363,sad
12364,sad
12366,angry
12376,happy
12379,neutral
12381,surprise
12383,happy
1239,surprise
12407,sad
12410,happy
12417,disgust
12423,neutral
12431,angry
12440,neutral
1246,happy
12463,surprise
12470,surprise
12472,sad
1248,sad
12487,happy
12489,sad
1249,surprise
12492,angry
12496,sad
12497,surprise
12498,sad
12500,sad
12504,surprise
12508,neutral
12512,sad
12519,sad
12524,sad
12527,fear
12529,fear
12547,sad
12551,fear
12557,happy
12560,happy
12567,happy
12569,angry
12578,neutral
12581,happy
12591,neutral
12592,fear
12594,fear
12600,happy
12611,happy
12621,sad
12626,surprise
12634,angry
1264,sad
12647,surprise
12648,sad
12659,neutral
12661,sad
12672,happy
12674,sad
12676,angry
12680,angry
12684,disgust
12695,neutral
12698,surprise
12702,neutral
12705,happy
12712,fear
12723,surprise
12725,happy
12729,happy
12733,angry
12737,surprise
12748,surprise
12753,sad
12758,sad
12768,surprise
12772,happy
12776,happy
12789,happy
12791,sad
12801,fear
12808,sad
12809,sad
12810,sad
12818,neutral
12827,sad
12841,disgust
12842,sad
12851,angry
12852,neutral
12861,happy
12869,neutral
12879,neutral
12885,happy
12891,sad
12899,sad
12903,happy
12904,happy
12924,happy
12928,sad
12933,neutral
12936,sad
12945,sad
12948,surprise
12951,happy
12956,happy
12957,happy
12958,neutral
12960,angry
12973,surprise
12976,sad
1298,neutral
12986,fear
12988,sad
1300,sad
13000,fear
13009,neutral
13027,sad
13029,sad
13037,surprise
13041,fear
13047,sad
13051,sad
13057,surprise
13059,angry
13067,sad
13071,fear
13073,happy
13080,surprise
1309,happy
13091,neutral
13092,neutral
131,fear
13101,fear
13105,happy
13108,happy
13114,sad
13118,happy
13121,sad
13127,neutral
1313,neutral
13139,happy
13145,surprise
13150,sad
13151,happy
13152,fear
1316,happy
13161,sad
13162,sad
13164,neutral
13167,angry
13169,sad
13179,sad
13180,sad
13187,sad
13188,neutral
13203,happy
13204,happy
13205,surprise
13212,sad
13220,sad
13228,happy
13230,surprise
13233,sad
13237,fear
13242,neutral
1325,neutral
13250,angry
13252,sad
13267,neutral
13279,neutral
1328,sad
13283,happy
13288,surprise
13293,sad
13296,sad
13301,happy
13306,angry
13308,fear
13310,disgust
13317,happy
13322,happy
13334,sad
13337,sad
13339,sad
1334,happy
13348,happy
13351,sad
13353,happy
1336,sad
13362,fear
13363,happy
13366,sad
13372,fear
13376,neutral
13380,sad
13385,angry
1339,neutral
13394,fear
13395,neutral
1340,angry
13405,sad
13409,fear
1341,happy
13411,neutral
13421,neutral
13424,sad
13427,happy
13428,happy
1343,angry
13430,neutral
13431,angry
13433,sad
13441,sad
13449,happy
13456,happy
13460,surprise
13467,sad
13476,happy
13482,sad
13483,sad
13486,sad
13488,sad
13498,neutral
135,angry
1350,sad
13502,happy
13505,neutral
13510,sad
13514,sad
13518,sad
13521,surprise
13526,happy
13528,happy
1353,sad
13531,sad
13533,fear
13535,angry
13549,surprise
13561,surprise
13562,sad
13570,happy
13575,sad
1358,sad
13582,sad
13584,happy
13585,angry
13586,sad
13587,fear
13590,happy
13593,sad
13596,happy
13597,angry
13598,angry
13599,sad
13603,sad
13607,angry
13615,angry
13618,happy
13619,neutral
13622,surprise
13631,neutral
13633,neutral
13638,sad
1364,happy
13644,neutral
13652,sad
13653,happy
13655,happy
13664,surprise
13666,sad
1367,fear
13670,sad
13671,fear
13672,fear
13683,angry
13684,surprise
13692,sad
13694,surprise
13695,neutral
13703,happy
13706,sad
13714,sad
13715,happy
13726,sad
13738,angry
13740,surprise
13757,happy
13758,sad
1376,surprise
13761,neutral
13792,happy
13793,sad
13798,fear
13800,neutral
13801,sad
13802,happy
13808,neutral
1381,happy
13812,sad
13825,surprise
13833,sad
13834,sad
13837,surprise
13843,sad
13847,angry
13848,happy
13852,sad
13855,fear
1386,fear
13870,sad
13874,happy
13876,surprise
13877,happy
13888,sad
1389,sad
13890,angry
13897,neutral
13899,sad
139,sad
13907,sad
13909,neutral
13911,happy
13912,surprise
13913,sad
13921,sad
13925,happy
13928,sad
13933,fear
13939,surprise
13940,sad
1395,sad
13955,happy
13965,sad
13968,fear
13969,happy
13971,fear
13978,sad
13979,sad
13983,neutral
13991,neutral
1401,sad
14011,surprise
14022,angry
14030,angry
14033,sad
14037,angry
14041,sad
14044,sad
14047,sad
14048,sad
14057,sad
14058,sad
14063,happy
1407,sad
14070,sad
14080,surprise
14082,sad
14091,disgust
14092,happy
141,neutral
1410,surprise
14106,neutral
14108,angry
1411,sad
14113,neutral
14114,angry
14115,surprise
14117,angry
14118,fear
14120,sad
14122,surprise
14127,fear
14135,sad
14136,sad
14139,happy
14148,sad
14152,happy
14154,neutral
14155,sad
14169,happy
14170,happy
14174,neutral
14175,angry
14185,sad
14187,neutral
14190,sad
1420,sad
14206,angry
14208,neutral
1422,sad
14224,angry
14226,sad
14236,happy
14243,angry
14250,happy
14268,fear
14278,happy
14282,happy
1429,sad
14292,happy
14305,surprise
14306,sad
14310,happy
14314,happy
14315,angry
14327,happy
14329,angry
14331,surprise
14342,neutral
14346,sad
14348,happy
14352,sad
14357,angry
14360,happy
14362,sad
14371,happy
14375,fear
14376,neutral
14378,happy
1438,sad
14381,sad
14384,sad
14388,sad
14406,sad
1441,sad
14419,happy
14421,happy
14427,happy
14436,sad
14438,sad
14444,happy
14448,neutral
14452,fear
14459,fear
14464,angry
14472,fear
14473,happy
14474,neutral
14475,happy
14481,sad
14484,sad
14487,neutral
1449,surprise
14494,happy
14495,neutral
14496,sad
14498,sad
14505,sad
14509,fear
14513,sad
14516,happy
14517,angry
14518,sad
14522,sad
14524,sad
14529,angry
14542,neutral
14546,happy
14550,happy
14551,happy
14557,sad
14561,happy
14564,sad
1457,surprise
14572,sad
14574,sad
14578,sad
14586,sad
14593,happy
1460,sad
14605,sad
14611,happy
14620,angry
14637,neutral
14641,fear
14645,happy
14647,surprise
1465,happy
14671,happy
14682,sad
14691,surprise
14696,fear
14697,surprise
14700,happy
14703,neutral
14706,neutral
14717,neutral
14722,fear
14729,sad
14730,happy
1474,sad
14741,neutral
14744,sad
14747,sad
14757,happy
14759,sad
1477,sad
14775,neutral
14786,sad
14789,fear
14792,happy
14798,surprise
148,angry
1482,neutral
14821,happy
14831,sad
14835,sad
14836,sad
1485,surprise
14859,neutral
14867,sad
14869,fear
14870,angry
14877,happy
14891,disgust
1491,happy
14914,fear
14927,happy
14929,sad
1493,neutral
14945,neutral
14954,sad
14957,neutral
14958,disgust
14965,happy
14968,surprise
14973,neutral
14980,neutral
14987,sad
15001,neutral
15007,sad
15008,fear
15012,sad
15013,fear
15034,surprise
15037,happy
15039,happy
15040,angry
15044,happy
15047,surprise
15052,sad
1506,neutral
15060,happy
15070,neutral
15074,surprise
15077,happy
15078,sad
1508,sad
15088,sad
15090,sad
15099,happy
15101,fear
15102,neutral
15106,neutral
15110,sad
1512,happy
15120,sad
15121,neutral
15129,neutral
15132,neutral
15134,fear
15138,angry
15145,sad
15147,neutral
1515,neutral
15167,sad
15168,neutral
15169,sad
15172,angry
15179,surprise
15181,happy
15190,angry
15191,sad
15192,neutral
15193,sad
15194,disgust
15198,fear
15207,neutral
15208,neutral
15210,neutral
15212,happy
15216,angry
15217,angry
15220,neutral
15221,happy
15222,neutral
15229,happy
15238,surprise
15244,surprise
15248,neutral
15257,neutral
15260,fear
15263,surprise
15268,sad
15269,neutral
15271,happy
15279,fear
15280,sad
15289,neutral
15292,happy
15293,neutral
15294,sad
15295,fear
15310,happy
15323,happy
15331,happy
15333,neutral
15334,sad
15335,happy
1534,angry
15350,fear
15354,surprise
1536,happy
15365,sad
15366,sad
15373,sad
15378,surprise
1538,happy
15383,surprise
15387,sad
15397,happy
15400,happy
15405,sad
15409,happy
15416,happy
15426,happy
15432,sad
15436,sad
15438,happy
15441,neutral
15443,happy
15445,sad
15447,neutral
15454,surprise
15455,neutral
15459,sad
15462,fear
15467,surprise
15468,sad
15474,sad
15484,sad
15486,surprise
15487,surprise
1549,fear
15494,neutral
15500,sad
15502,sad
15503,happy
15518,happy
15520,neutral
15523,happy
15524,fear
15527,surprise
15529,fear
15533,surprise
15534,sad
15535,sad
15536,neutral
15539,sad
15544,fear
1555,angry
15562,angry
15565,sad
15568,sad
15570,sad
15578,sad
15580,neutral
15589,happy
15592,happy
1560,neutral
15611,angry
15613,sad
15615,surprise
15616,happy
15621,happy
15622,sad
15628,surprise
15634,surprise
15635,happy
15637,angry
15638,sad
15642,sad
15644,neutral
15651,angry
15654,surprise
15657,sad
15663,sad
15668,fear
15677,happy
15678,fear
15686,neutral
15696,happy
15697,sad
15699,neutral
157,disgust
15708,happy
15709,angry
15712,sad
15713,neutral
15715,fear
15716,sad
15717,sad
1572,sad
15721,angry
15725,fear
1575,angry
15758,happy
1576,sad
15767,happy
15771,happy
15778,sad
15788,fear
15791,surprise
15795,neutral
15802,surprise
1582,neutral
15820,sad
15821,sad
15824,sad
1583,happy
15835,neutral
1584,sad
15843,happy
15847,neutral
15848,angry
15854,happy
15859,angry
15867,sad
15870,happy
15881,angry
15885,sad
15890,happy
15897,sad
15904,neutral
15909,sad
15910,happy
15919,angry
15921,fear
15922,surprise
15929,sad
15932,sad
15941,sad
15944,surprise
15950,angry
15954,happy
15963,sad
15966,fear
15976,happy
15979,sad
15983,neutral
15984,fear
1599,sad
15999,sad
16003,sad
16010,sad
16019,neutral
16021,angry
16033,neutral
16037,fear
16039,fear
16042,happy
16053,happy
16054,happy
16056,happy
1606,angry
16064,happy
16071,fear
16075,neutral
16076,happy
16081,happy
16087,sad
16094,sad
16101,neutral
16102,sad
16106,neutral
16108,happy
16110,fear
16113,fear
16120,happy
16121,disgust
16125,sad
16133,surprise
16134,fear
16141,happy
16143,happy
16151,sad
16169,fear
16172,surprise
16192,happy
16196,sad
16198,happy
16208,fear
16222,sad
16226,sad
16229,surprise
16233,sad
16237,surprise
16238,happy
16257,sad
16264,angry
16275,happy
16277,sad
1628,happy
16280,surprise
16287,happy
16292,angry
16304,sad
16308,happy
16318,fear
16324,sad
16329,sad
16330,fear
16338,happy
16346,fear
16350,neutral
16363,sad
16370,happy
16374,surprise
16375,happy
16380,angry
16387,disgust
16388,neutral
16389,surprise
16395,sad
16396,surprise
1640,happy
16405,sad
16406,angry
16407,sad
16410,angry
16413,fear
16415,sad
16419,neutral
16423,sad
16428,sad
16429,sad
16440,surprise
16441,fear
16443,happy
16444,happy
1645,sad
16450,fear
16460,sad
16463,sad
16464,angry
16475,fear
16476,neutral
16478,sad
16486,fear
16489,sad
16501,neutral
16503,sad
16506,fear
16507,neutral
16508,sad
16510,happy
16511,neutral
16523,neutral
16530,surprise
16535,sad
16539,sad
1654,happy
16550,happy
16557,sad
16558,angry
16559,sad
1656,sad
16562,happy
16565,fear
16569,sad
1657,sad
16570,sad
16575,sad
16583,happy
16588,happy
16596,happy
1660,fear
16604,happy
16609,sad
16611,happy
16619,happy
16632,fear
16633,happy
16643,sad
16645,angry
16646,fear
16649,happy
16659,sad
16666,fear
16667,happy
16674,surprise
16681,angry
16685,neutral
1669,neutral
16696,neutral
16699,happy
167,happy
1670,neutral
16700,happy
16706,sad
16710,sad
16711,happy
16712,happy
16714,neutral
16718,disgust
1672,sad
16721,surprise
16734,sad
16738,happy
1675,sad
16751,happy
16752,sad
16756,happy
16759,neutral
16764,angry
16768,angry
16770,happy
16774,sad
16775,fear
16776,neutral
1678,sad
16783,angry
16787,neutral
16788,fear
16792,angry
16795,happy
16798,sad
16799,happy
16802,sad
16809,happy
16811,neutral
16817,neutral
16818,happy
16821,sad
16823,sad
16829,happy
1683,sad
16830,fear
16837,sad
16839,sad
16845,neutral
1685,angry
16860,neutral
16863,sad
16875,angry
1688,sad
16886,fear
16890,neutral
16895,sad
16901,neutral
16915,sad
16930,fear
16938,sad
16947,surprise
16952,happy
16954,sad
16959,surprise
16962,neutral
16964,happy
16967,angry
16969,angry
16971,happy
16977,happy
16980,surprise
16985,sad
16989,sad
1699,happy
16990,sad
16995,happy
16999,sad
17002,surprise
17003,sad
17007,happy
17010,fear
17011,sad
17015,sad
17016,surprise
17018,neutral
17019,neutral
17021,sad
17022,happy
17024,happy
17027,surprise
17028,neutral
17032,happy
1704,sad
17041,happy
17044,neutral
17053,neutral
1707,happy
17085,sad
17098,happy
17099,angry
1710,angry
17100,sad
17104,happy
17105,sad
17107,fear
17114,fear
17117,happy
17128,sad
17131,neutral
17137,fear
17148,surprise
17157,sad
1716,neutral
17161,surprise
17163,neutral
17167,disgust
1717,angry
17170,neutral
17177,surprise
17180,fear
17186,angry
17188,sad
17191,fear
17194,happy
172,sad
17205,surprise
17206,angry
17207,happy
17209,happy
17211,happy
17212,neutral
17213,sad
17215,happy
17217,sad
1722,fear
17220,happy
17228,sad
17231,neutral
17236,fear
17237,sad
17245,neutral
17248,happy
17251,sad
17257,sad
17259,neutral
17260,sad
17267,neutral
1727,happy
17273,sad
17275,sad
17276,neutral
17279,sad
17290,surprise
17293,sad
17295,happy
17297,sad
17309,surprise
17314,sad
17316,angry
17318,sad
17319,happy
17331,sad
17334,sad
17341,neutral
17344,sad
17345,sad
1735,surprise
17350,sad
17359,neutral
1736,neutral
17363,sad
17367,neutral
17369,fear
1737,neutral
17371,angry
1738,surprise
17381,happy
17397,happy
17402,happy
17413,sad
17417,neutral
17422,fear
17424,neutral
17426,sad
17428,sad
17429,sad
17432,sad
17433,fear
17445,sad
17447,happy
17449,sad
17452,neutral
17462,happy
17470,surprise
17479,disgust
17484,happy
17485,happy
17494,happy
17498,happy
1750,fear
17502,angry
17503,angry
17506,sad
1751,neutral
17518,sad
17524,happy
17536,angry
17538,angry
17541,sad
17543,happy
17550,sad
17552,happy
17555,neutral
17558,sad
1756,fear
17563,sad
17582,sad
17587,sad
1759,neutral
17597,sad
17598,angry
176,fear
17607,fear
17609,happy
17610,neutral
17624,happy
17625,sad
17631,sad
1764,surprise
17647,disgust
17654,happy
17662,neutral
17666,sad
17668,fear
17678,sad
1768,happy
17682,happy
17684,happy
17685,neutral
17692,happy
17693,surprise
17694,happy
17695,sad
17698,happy
1770,happy
17700,angry
17702,neutral
17705,angry
17707,sad
17710,fear
17713,sad
17715,happy
17717,angry
1772,neutral
17730,neutral
17731,angry
17735,angry
17736,angry
17746,sad
17752,sad
17762,sad
17763,sad
17767,sad
17772,happy
17775,sad
1778,sad
17784,sad
17787,sad
17790,neutral
17794,neutral
17799,happy
17802,sad
17815,neutral
17816,happy
17821,happy
17831,sad
17834,happy
17837,angry
17845,surprise
1785,angry
1787,fear
17886,sad
17887,sad
17901,angry
17904,neutral
17906,fear
17910,angry
17912,fear
17919,surprise
1793,happy
17930,fear
17932,angry
17934,sad
17936,happy
17939,angry
17952,surprise
1796,sad
17973,neutral
17980,neutral
1799,neutral
1800,surprise
18001,sad
18006,sad
18010,fear
18016,sad
18018,happy
18025,neutral
18026,surprise
18033,happy
18035,neutral
18037,happy
18038,surprise
18047,sad
18050,angry
18067,sad
18068,sad
18073,fear
18077,angry
18080,angry
18082,happy
18101,angry
18104,sad
18106,sad
18108,surprise
18117,disgust
18120,sad
18130,angry
18132,surprise
18140,happy
18142,angry
18148,surprise
1815,happy
18161,surprise
18165,happy
18166,surprise
18168,angry
18173,happy
18180,sad
18181,sad
18183,angry
1819,angry
18193,sad
18198,surprise
18200,sad
18203,neutral
18205,happy
18208,neutral
18223,neutral
18226,happy
18237,happy
18245,happy
18247,sad
18249,sad
1825,sad
18250,happy
18254,sad
18256,happy
18259,happy
18260,sad
18270,angry
18281,neutral
18284,angry
18285,surprise
18288,neutral
18291,sad
18297,happy
18299,fear
1830,neutral
18300,sad
18301,neutral
18308,happy
18309,surprise
18312,neutral
18313,surprise
18317,happy
18321,sad
18325,angry
18336,sad
18339,neutral
18345,sad
18349,happy
1835,neutral
18361,sad
18364,neutral
18367,sad
18376,angry
1838,fear
18380,sad
18381,sad
18383,happy
18388,neutral
18389,neutral
18393,surprise
18404,happy
18405,happy
1841,angry
18415,sad
18424,sad
18425,happy
1843,angry
18431,neutral
18436,neutral
18442,happy
18443,happy
18445,happy
18457,sad
18459,fear
18464,disgust
18466,angry
18469,sad
18471,happy
18475,sad
18476,happy
18483,happy
18487,happy
18492,sad
18497,neutral
18503,happy
18505,sad
18513,happy
18517,happy
18521,surprise
18523,sad
18527,fear
18531,happy
18534,angry
1854,sad
18541,fear
18542,fear
18545,neutral
18550,sad
18554,sad
18555,surprise
18556,happy
18565,angry
18566,sad
18568,neutral
18569,angry
1857,fear
18573,neutral
18574,disgust
18577,fear
18578,happy
18588,angry
18593,fear
18602,angry
18610,sad
18613,sad
18615,fear
18617,neutral
18619,surprise
18631,surprise
18633,angry
1864,surprise
18641,happy
18655,happy
18658,neutral
18662,happy
18678,surprise
18687,fear
1869,happy
18695,fear
187,happy
18700,sad
18703,neutral
18706,surprise
18708,neutral
18713,sad
18715,angry
18716,neutral
18725,sad
18729,happy
1873,surprise
18732,sad
18734,sad
1874,happy
18742,surprise
18753,angry
18757,fear
18763,fear
18778,neutral
18779,angry
18783,happy
18791,sad
1880,neutral
18803,neutral
18810,angry
18822,happy
18825,neutral
18827,sad
18834,happy
18835,happy
18837,angry
18842,neutral
18849,happy
18855,sad
18861,happy
18862,surprise
18864,surprise
1887,happy
18872,sad
18873,happy
18882,fear
18885,happy
18888,sad
18897,angry
18898,happy
18903,neutral
18904,happy
18905,angry
18908,fear
18909,fear
1891,sad
18911,surprise
18914,neutral
1892,neutral
18926,happy
18927,sad
18930,happy
18944,happy
18948,happy
18949,sad
18952,happy
1896,neutral
18960,sad
18962,disgust
1897,neutral
18973,happy
18974,angry
18976,sad
18983,neutral
18984,fear
18986,sad
1899,angry
18994,angry
19000,sad
19008,happy
19009,happy
19012,happy
19014,sad
19020,fear
19025,sad
19029,sad
19049,neutral
19051,surprise
19056,happy
19060,sad
19062,happy
19063,sad
19064,fear
19067,sad
19074,happy
1908,fear
19082,fear
19084,sad
19089,fear
19093,sad
19095,sad
19105,happy
19108,angry
1911,surprise
19114,neutral
19115,angry
19119,sad
19127,sad
19130,happy
19131,neutral
19132,happy
19137,sad
1914,surprise
19140,neutral
19142,neutral
19145,neutral
19148,happy
19152,angry
19160,happy
19162,happy
19165,neutral
19177,surprise
19179,angry
19181,happy
19187,angry
19188,fear
1919,happy
192,fear
1920,happy
19204,neutral
19210,happy
19214,sad
19216,sad
19226,neutral
19234,neutral
19235,surprise
19245,happy
19252,sad
19259,sad
1926,sad
19263,happy
19267,surprise
19268,neutral
19269,happy
19274,neutral
19284,happy
19285,sad
1929,fear
19291,sad
19292,neutral
19303,sad
19309,sad
1931,sad
19314,surprise
19317,happy
19318,happy
19323,happy
19329,angry
19340,happy
19346,happy
19349,happy
19357,happy
19362,happy
19364,neutral
1937,sad
19370,happy
19373,neutral
19377,happy
19378,happy
1938,happy
19384,disgust
19389,neutral
1939,neutral
19390,sad
19392,sad
19398,happy
19402,sad
19411,sad
19422,sad
19431,surprise
19435,sad
19438,happy
19449,happy
1945,surprise
19454,sad
19461,neutral
19470,neutral
19473,disgust
19476,disgust
19477,sad
19478,happy
19485,sad
19486,sad
19492,happy
19495,fear
19496,happy
19497,fear
19499,happy
19514,happy
1952,surprise
1953,happy
19531,sad
19533,sad
19535,sad
19536,happy
19548,sad
19549,happy
19559,angry
19568,sad
19571,sad
19578,neutral
19581,sad
19589,neutral
19590,neutral
19591,sad
19594,surprise
19597,happy
19599,disgust
196,happy
19600,happy
19601,surprise
19605,happy
19607,sad
19609,neutral
19612,sad
19615,neutral
19643,neutral
19644,neutral
19649,sad
19650,surprise
1966,sad
19663,happy
19664,neutral
19665,surprise
19668,happy
19674,sad
19680,happy
19682,sad
19696,happy
19700,happy
19709,happy
19711,sad
1972,neutral
19720,happy
1973,sad
19731,fear
19732,fear
19734,disgust
1974,happy
19740,angry
19744,happy
19747,happy
19748,happy
19754,sad
19755,surprise
19768,happy
19770,disgust
19785,sad
19793,neutral
19795,surprise
19797,sad
19799,sad
19801,angry
19803,sad
19810,sad
19811,sad
19829,sad
1983,disgust
19831,sad
19832,angry
19837,happy
19841,fear
19855,sad
1986,fear
19861,sad
19863,neutral
19864,sad
19877,sad
1988,sad
19880,neutral
19883,happy
19888,fear
19889,happy
19893,sad
19896,angry
19897,sad
19906,sad
19918,happy
1992,surprise
19923,happy
19934,sad
1994,fear
19950,neutral
19953,neutral
19957,happy
19958,neutral
19961,happy
19962,happy
19968,happy
19969,angry
19972,fear
19973,sad
19975,sad
19983,sad
19993,happy
19995,sad
20,neutral
200,happy
20008,neutral
2001,happy
20019,sad
20023,happy
20025,happy
20028,sad
20032,happy
20036,neutral
20037,fear
20039,angry
20041,happy
20048,happy
20058,sad
2006,sad
20062,happy
20072,sad
20073,sad
20083,fear
20091,happy
201,sad
20104,sad
20111,happy
2012,sad
20120,happy
20122,happy
20135,fear
20140,happy
20146,surprise
20148,surprise
20150,neutral
20155,happy
20157,sad
20162,surprise
20165,happy
20167,surprise
20171,sad
20181,sad
2019,happy
20192,sad
20193,neutral
20194,angry
20196,happy
20208,fear
20213,happy
20214,sad
20216,happy
20217,happy
20218,happy
20222,angry
20223,sad
20227,angry
20229,happy
20239,neutral
20252,happy
20257,sad
20262,surprise
20265,fear
20267,happy
20272,sad
20274,neutral
20285,happy
20287,surprise
20289,neutral
20290,angry
20293,surprise
20296,sad
20298,fear
20301,sad
20303,sad
20312,happy
20313,neutral
20318,happy
20328,happy
20337,sad
20353,angry
20355,happy
20360,sad
20365,happy
20369,surprise
20371,fear
20372,angry
20373,surprise
20374,angry
20377,happy
20387,surprise
2039,sad
20395,sad
20400,sad
20407,surprise
20411,neutral
20412,happy
20416,neutral
20424,angry
20430,happy
20432,neutral
2044,neutral
20445,happy
20450,fear
20451,neutral
20461,fear
20467,surprise
20468,sad
20469,angry
2047,sad
20476,sad
20490,happy
20495,sad
2050,angry
20500,happy
20505,angry
20507,happy
20508,surprise
20511,sad
20514,happy
20517,neutral
20519,happy
20526,fear
2053,sad
20532,sad
20547,happy
20549,sad
2055,angry
20560,sad
20561,happy
20563,sad
20567,happy
20573,happy
20579,fear
2058,happy
20580,happy
20584,surprise
20588,neutral
20589,neutral
20594,fear
20595,happy
20598,happy
20603,surprise
20616,happy
20617,neutral
20621,neutral
20629,sad
20630,fear
20635,angry
2064,happy
20640,angry
20650,sad
20653,sad
20656,sad
20664,neutral
20665,neutral
20666,happy
20667,fear
20670,disgust
20673,angry
20675,sad
2068,neutral
20680,sad
20684,neutral
20685,happy
20686,angry
2069,happy
20691,surprise
20715,neutral
20736,angry
20737,fear
20739,sad
20745,happy
20750,sad
20761,sad
20786,surprise
20796,angry
20814,neutral
20817,happy
20821,happy
20829,happy
20831,sad
20833,sad
2084,sad
20843,happy
20849,sad
20850,happy
20851,sad
20855,surprise
20856,neutral
20857,happy
20865,happy
20866,happy
20875,neutral
20882,surprise
20889,happy
20892,fear
20893,neutral
20897,sad
2090,surprise
20908,neutral
2091,fear
20918,happy
20933,neutral
20935,surprise
20941,happy
20945,happy
20947,happy
20948,neutral
20949,happy
20958,happy
20964,sad
20967,surprise
20970,sad
20972,angry
20979,sad
2098,sad
20984,neutral
20988,happy
20989,happy
20994,neutral
21,fear
210,happy
21005,sad
21006,happy
21025,sad
21027,happy
21029,fear
21030,sad
21033,happy
21036,sad
21044,surprise
21068,angry
21070,fear
21072,surprise
21074,surprise
21077,angry
21078,fear
21082,happy
21092,sad
21097,happy
21098,happy
21099,sad
21101,sad
21102,surprise
21104,neutral
21111,angry
21120,happy
21131,sad
21135,angry
2114,fear
21143,sad
21148,surprise
21150,angry
21151,fear
21153,surprise
21154,surprise
21161,angry
21166,neutral
21167,neutral
2117,surprise
21173,disgust
21177,happy
21185,happy
2119,surprise
21199,sad
2120,neutral
21200,happy
21201,sad
21210,surprise
21217,surprise
2122,happy
21221,sad
21227,fear
21230,fear
21233,happy
21235,neutral
21239,surprise
21249,disgust
21250,fear
21265,fear
21269,happy
21275,sad
21280,surprise
21282,neutral
21284,neutral
21292,happy
21299,surprise
213,happy
21305,happy
21311,neutral
21312,sad
21314,angry
21316,happy
21324,sad
2133,sad
21337,neutral
21348,happy
2135,happy
21351,sad
21352,neutral
21360,fear
2137,happy
21371,sad
21374,sad
21376,happy
21377,neutral
21384,happy
21386,sad
21387,surprise
21393,sad
21394,happy
21404,happy
21417,surprise
2142,sad
21420,sad
21428,sad
21434,fear
21439,neutral
21441,happy
21447,sad
21451,surprise
21455,neutral
2146,sad
21460,happy
21461,surprise
21464,sad
21468,surprise
21470,fear
21472,angry
21473,happy
21475,sad
21483,angry
2149,neutral
21499,happy
21500,fear
21501,fear
21511,sad
21512,neutral
2152,fear
21520,surprise
21524,happy
21531,sad
21535,sad
21538,neutral
21541,neutral
21545,surprise
21549,angry
21556,fear
21557,neutral
21559,fear
2156,sad
2157,sad
21570,surprise
21573,sad
21574,happy
21578,surprise
21587,surprise
21589,neutral
2159,happy
21593,happy
21598,neutral
21602,happy
21605,happy
21615,sad
21618,happy
21632,angry
21638,happy
21654,sad
21658,neutral
21663,happy
21666,sad
21670,sad
2168,fear
21681,sad
21686,angry
21695,neutral
21697,happy
21699,happy
217,neutral
21703,angry
21708,happy
21715,fear
2172,neutral
21720,sad
21723,angry
2173,surprise
21730,neutral
21744,angry
21750,happy
21752,neutral
2176,sad
21765,disgust
21766,sad
21769,fear
21778,fear
2178,surprise
21782,angry
21783,neutral
21787,happy
21794,sad
21807,surprise
21812,sad
21817,sad
2182,happy
21822,neutral
21824,surprise
21825,neutral
21833,surprise
21834,fear
21835,happy
21836,angry
2184,happy
21846,sad
21851,sad
21852,fear
21858,neutral
21862,sad
21865,angry
21876,happy
21877,angry
21880,neutral
21887,surprise
21896,angry
21899,happy
21906,fear
21916,angry
21921,sad
21922,sad
21927,sad
2194,fear
21942,fear
21943,happy
21946,fear
2195,surprise
21961,sad
21962,neutral
21967,fear
21968,angry
21971,sad
21973,surprise
21978,sad
21987,surprise
21988,sad
21990,sad
2200,surprise
22004,sad
22019,angry
22023,sad
22025,neutral
22028,neutral
22032,happy
2204,happy
22050,fear
22051,angry
22056,neutral
22064,neutral
22067,sad
2207,sad
22074,happy
22080,happy
22088,neutral
22089,angry
22091,happy
22095,neutral
22097,happy
22102,sad
22111,neutral
22117,sad
22123,neutral
22128,surprise
22130,fear
22131,surprise
22138,sad
22140,happy
22150,happy
22154,happy
2216,neutral
22166,fear
22178,angry
22179,happy
22183,fear
22184,happy
22191,happy
22194,happy
22198,sad
22201,sad
2223,neutral
22241,fear
22247,happy
2225,sad
22255,sad
2226,fear
22267,neutral
2227,neutral
22271,happy
22278,angry
2228,fear
22289,neutral
22290,happy
22292,sad
22301,neutral
22305,neutral
22309,sad
2231,happy
22319,sad
22320,disgust
22322,fear
22325,neutral
22326,surprise
22334,sad
22335,fear
22336,sad
2234,surprise
22340,happy
22346,happy
22347,happy
22349,sad
22351,happy
22354,sad
22357,surprise
22372,surprise
22375,happy
2238,sad
22380,sad
22388,happy
2239,neutral
22390,sad
22395,happy
224,surprise
22403,sad
22410,neutral
22416,sad
22419,fear
22424,sad
22442,neutral
22448,angry
22449,sad
22452,sad
22457,sad
22458,happy
22459,happy
22466,happy
22482,sad
22485,sad
22497,neutral
22506,sad
22508,sad
22509,sad
22516,angry
22517,neutral
22520,surprise
22521,sad
22525,fear
22532,happy
22545,happy
2256,sad
22560,happy
22571,disgust
22574,happy
22576,sad
22587,neutral
22600,happy
22602,sad
22604,sad
22607,angry
22612,happy
22614,happy
22617,sad
22619,sad
22627,neutral
22631,neutral
22640,sad
22651,sad
22655,neutral
22662,sad
22666,surprise
22671,happy
22679,angry
22688,sad
22690,neutral
22691,happy
22695,angry
22704,neutral
22711,sad
22720,neutral
2273,sad
22733,angry
22739,sad
22741,sad
2275,sad
22750,happy
22754,sad
22756,fear
22761,happy
22763,happy
22765,happy
22766,neutral
22771,surprise
22774,neutral
22778,happy
2278,sad
22784,happy
22787,sad
22789,angry
2279,neutral
22791,angry
22804,happy
22805,happy
22807,sad
22808,angry
22810,neutral
22816,neutral
2282,happy
22820,neutral
22827,fear
22832,happy
22834,happy
22839,fear
2284,sad
22840,fear
22863,neutral
22864,happy
22867,neutral
2287,happy
22886,neutral
22894,happy
2290,fear
22900,happy
22910,happy
22916,neutral
22917,sad
22921,surprise
22924,neutral
2293,happy
22935,sad
22937,neutral
22944,happy
22961,sad
22974,sad
22977,neutral
22987,sad
22988,angry
22989,sad
22990,angry
22991,happy
22992,neutral
22997,happy
23,sad
23008,angry
23012,neutral
23028,sad
2303,sad
23038,sad
23039,neutral
23041,sad
2305,happy
23053,surprise
23054,angry
23057,neutral
23059,sad
23060,fear
2307,happy
2308,happy
23083,sad
23085,sad
23096,happy
231,sad
23100,surprise
23101,happy
23103,neutral
23114,happy
23119,sad
2312,sad
23122,happy
23126,fear
23141,disgust
23142,sad
23151,sad
23153,sad
23155,surprise
23164,neutral
23167,sad
23170,sad
23172,fear
23184,angry
23186,neutral
23192,sad
23194,angry
23204,neutral
23209,fear
23215,neutral
23216,happy
23220,sad
23224,sad
23230,happy
23238,happy
2324,angry
23244,neutral
23246,angry
23260,fear
2327,happy
23272,happy
23291,neutral
23293,neutral
23297,sad
23304,sad
23305,surprise
23319,happy
23320,sad
23321,happy
23327,angry
23328,surprise
23332,sad
23334,happy
23341,sad
23343,sad
23346,sad
23348,neutral
23362,sad
23368,fear
23374,happy
23377,happy
23380,happy
23381,happy
23386,fear
23389,fear
23396,neutral
23403,sad
23404,neutral
23407,angry
23413,neutral
23419,happy
23427,sad
23430,sad
23433,neutral
23440,happy
23447,angry
23452,sad
23453,happy
23457,neutral
23462,sad
23463,sad
23468,fear
23470,neutral
23471,sad
23473,angry
23477,sad
23483,neutral
23487,sad
23488,angry
2350,happy
23501,happy
23507,angry
23517,angry
23521,sad
23525,happy
23532,angry
23540,surprise
23542,happy
23549,sad
23555,happy
23559,happy
23561,sad
23562,sad
23565,sad
23566,happy
2357,sad
23572,happy
23584,happy
23590,happy
23601,sad
23609,neutral
23612,happy
23621,happy
23623,sad
23634,neutral
23654,sad
23658,sad
23661,surprise
23662,surprise
23664,happy
23665,angry
23666,neutral
23667,happy
2367,neutral
23675,happy
23691,neutral
23700,angry
23715,sad
23718,surprise
23722,sad
23725,neutral
23731,sad
23739,surprise
2374,happy
23741,fear
23747,surprise
23748,sad
23749,angry
23751,surprise
23760,sad
23764,sad
23767,fear
2377,happy
23770,sad
23778,sad
23779,sad
2378,happy
23780,angry
23781,sad
23783,happy
23786,sad
23791,fear
23792,sad
23794,neutral
23801,happy
23813,happy
23814,angry
23817,fear
23829,sad
23832,sad
23847,neutral
23848,happy
23853,sad
23858,neutral
23862,neutral
23865,sad
23866,happy
23869,neutral
23876,sad
23884,sad
23885,fear
23886,fear
23891,happy
23893,surprise
23897,happy
23901,sad
23905,sad
2391,fear
23915,sad
23917,surprise
23920,happy
23929,sad
23933,happy
23941,fear
23943,neutral
23945,sad
23946,happy
23948,sad
23949,surprise
23965,sad
23968,sad
23978,angry
23991,fear
24003,neutral
24013,sad
24016,sad
24022,angry
24027,happy
2403,sad
24031,neutral
24035,sad
24046,surprise
24050,surprise
24051,neutral
24054,sad
24055,happy
24057,sad
24065,neutral
24066,sad
24067,sad
2407,surprise
24071,angry
24077,angry
24079,happy
24087,sad
24088,fear
24089,sad
24099,happy
24101,neutral
24104,neutral
24105,neutral
2411,sad
2412,happy
24123,happy
24131,neutral
24133,sad
24137,happy
24143,surprise
24148,happy
24156,neutral
2416,sad
24160,sad
24161,happy
24163,surprise
24165,sad
24167,surprise
24168,sad
24173,sad
24174,neutral
24175,angry
24176,fear
24179,angry
2418,sad
24182,neutral
24183,sad
24184,sad
24185,angry
24187,neutral
24189,angry
24200,happy
24201,sad
2421,happy
24211,happy
24213,fear
24217,fear
24219,happy
24220,neutral
24224,happy
24232,happy
24239,angry
2424,happy
24241,happy
24247,sad
24252,sad
24259,happy
2426,fear
24263,happy
2427,fear
24286,happy
24289,happy
24291,neutral
24292,happy
24297,happy
24299,happy
2431,sad
24329,neutral
24340,sad
24347,neutral
24354,happy
24355,happy
24358,sad
2436,neutral
24360,happy
24363,fear
24378,sad
24380,happy
24384,sad
24390,happy
24391,happy
24393,happy
24395,happy
24404,fear
24410,sad
24411,surprise
24412,sad
24415,surprise
24420,sad
24421,sad
24428,sad
2443,angry
24432,surprise
24433,surprise
24435,happy
24437,sad
24441,neutral
24443,neutral
24452,angry
24460,sad
24465,happy
24466,angry
24473,sad
24479,sad
2448,happy
24482,surprise
24490,angry
24492,sad
245,neutral
2450,happy
24501,sad
24509,happy
2451,sad
24521,happy
24530,happy
24531,happy
24535,sad
24536,happy
24539,sad
24542,sad
24543,sad
24545,sad
24554,happy
24557,surprise
24562,surprise
24570,sad
24573,neutral
24575,happy
24578,neutral
24579,happy
2458,happy
24582,sad
24607,happy
2461,surprise
24621,fear
24625,happy
24633,happy
24643,sad
24646,surprise
24652,happy
24656,happy
24660,neutral
24664,sad
24668,surprise
24678,angry
24680,sad
24692,happy
24694,angry
24699,happy
247,happy
24711,sad
24718,happy
2472,happy
24721,fear
24725,neutral
24731,surprise
24736,fear
24747,happy
24753,sad
24756,happy
2476,sad
24763,neutral
24764,happy
24768,neutral
24769,fear
24774,fear
24777,happy
24778,happy
24779,neutral
2478,sad
24783,happy
24785,sad
24789,angry
24797,angry
24798,happy
24815,angry
24819,angry
24820,happy
24821,neutral
24822,sad
24823,sad
2483,happy
2484,sad
24845,happy
2485,neutral
2486,sad
2487,angry
24877,sad
24880,sad
24881,sad
24884,sad
24886,sad
24893,sad
249,neutral
24904,happy
24906,happy
24909,sad
24910,happy
24912,neutral
24916,sad
2492,neutral
24921,surprise
24931,fear
24942,happy
24946,happy
24948,neutral
24959,surprise
2496,sad
24962,neutral
24963,sad
24964,sad
24967,fear
24978,sad
2498,sad
2499,neutral
24991,sad
24992,angry
25006,happy
25007,neutral
25010,surprise
25017,happy
25018,fear
2502,sad
25021,sad
25025,neutral
25028,happy
25036,surprise
25037,sad
25039,happy
25044,surprise
25045,fear
25046,fear
25048,angry
25055,sad
25058,happy
25061,neutral
25074,fear
25078,sad
25082,sad
25087,angry
25088,angry
25089,neutral
25099,sad
251,disgust
2510,neutral
25101,fear
25107,surprise
25108,surprise
25109,fear
2511,sad
25117,sad
25123,happy
25126,angry
25131,fear
25133,fear
25143,surprise
25144,happy
25151,neutral
25162,angry
25163,happy
25180,happy
25186,happy
25188,surprise
25191,neutral
25199,happy
25202,sad
25209,angry
25211,neutral
25220,sad
25223,happy
25229,sad
25231,sad
25234,fear
25240,fear
25242,sad
25247,sad
25250,sad
25255,neutral
25267,angry
25271,happy
25275,sad
25280,surprise
25281,sad
25287,sad
2529,surprise
25295,sad
25298,sad
2530,sad
25306,neutral
25318,neutral
25319,fear
25322,happy
25327,happy
25328,happy
2533,fear
25330,neutral
25337,happy
25342,sad
25343,happy
25348,sad
2535,happy
25351,sad
25356,fear
25359,sad
25360,neutral
25372,sad
25379,sad
25381,sad
25383,angry
2539,happy
25390,surprise
25391,neutral
25396,happy
25397,surprise
25401,angry
25402,surprise
25409,sad
25410,sad
25412,sad
25414,happy
25416,surprise
25420,happy
25425,sad
25431,happy
25435,angry
25438,sad
25439,sad
25443,happy
25451,neutral
25454,sad
2546,sad
25472,happy
25481,sad
25492,fear
25496,neutral
25497,sad
25507,sad
25510,sad
25517,sad
25520,angry
25528,angry
25529,sad
25533,happy
25537,fear
25538,disgust
25539,surprise
2554,neutral
25541,happy
25542,happy
25555,sad
2556,happy
25563,surprise
2557,angry
25570,surprise
25571,surprise
25573,angry
25576,neutral
25577,sad
25578,happy
2558,angry
25582,sad
2559,happy
25590,sad
25593,neutral
25597,sad
256,surprise
25602,happy
25604,happy
25605,fear
25610,fear
25612,angry
25615,sad
25621,sad
25627,happy
25632,neutral
25635,sad
25636,sad
25638,sad
2564,neutral
25643,sad
25647,happy
25649,happy
2565,sad
25652,happy
25658,fear
25668,sad
25674,surprise
25678,neutral
25681,neutral
25682,neutral
25685,neutral
25686,happy
25687,sad
25688,sad
25695,neutral
25701,sad
25705,happy
25709,surprise
25710,fear
25714,happy
25719,happy
25720,happy
25723,neutral
25742,surprise
25743,sad
25744,happy
25747,happy
25759,happy
25773,sad
25775,sad
25778,happy
25781,surprise
25795,neutral
25797,neutral
258,sad
25800,neutral
25808,angry
25809,happy
2581,neutral
25810,sad
25811,angry
25813,neutral
25818,sad
25819,neutral
25820,fear
25832,sad
25839,happy
25841,sad
25843,sad
25844,neutral
25874,happy
25876,angry
2588,neutral
25886,angry
25887,happy
25891,sad
25895,sad
259,fear
25902,happy
25906,happy
25914,sad
25915,happy
25919,surprise
2592,sad
25920,neutral
25927,fear
2593,sad
25937,happy
25944,angry
25949,sad
25959,surprise
25961,fear
25969,neutral
25973,neutral
25978,surprise
25979,fear
25983,disgust
25985,happy
25993,happy
25994,happy
26005,sad
26006,neutral
26016,happy
26018,happy
26023,sad
26025,neutral
2603,sad
26032,happy
26034,happy
26038,happy
26040,angry
26041,angry
26046,happy
26049,angry
26056,neutral
26059,angry
26067,neutral
26069,sad
26076,surprise
26077,surprise
26079,sad
26081,sad
26082,angry
26087,neutral
26091,fear
26097,sad
26098,happy
26101,surprise
26102,surprise
26107,happy
2611,happy
26121,neutral
26124,sad
2613,sad
26131,sad
26133,surprise
26134,sad
26137,happy
2615,sad
26159,happy
26160,happy
26161,neutral
26163,happy
26169,happy
26175,sad
26177,angry
26181,angry
26185,fear
26187,sad
2619,happy
26190,sad
26192,neutral
26198,sad
2620,happy
26200,happy
26209,angry
26210,sad
26212,happy
26223,angry
26224,happy
26227,neutral
26237,angry
26243,surprise
26248,sad
26249,sad
26250,fear
26264,sad
26267,sad
26269,sad
26270,sad
26275,happy
26283,sad
2629,happy
26292,disgust
26304,neutral
26313,happy
26318,neutral
26321,sad
2633,sad
26337,sad
26338,happy
26339,neutral
2634,happy
26344,angry
26346,sad
2635,sad
26355,sad
26363,sad
26364,neutral
26368,happy
26370,happy
26377,sad
26378,sad
26385,fear
26394,sad
26397,happy
26398,sad
264,fear
2640,happy
26402,sad
26404,sad
26409,surprise
2641,happy
26411,happy
26437,sad
26443,happy
26446,neutral
26452,surprise
26453,neutral
26454,fear
26455,surprise
26456,happy
26459,happy
26462,neutral
26464,sad
26468,happy
26469,surprise
26477,happy
26483,fear
26484,sad
26487,surprise
2649,happy
26495,neutral
26500,sad
26501,sad
2651,sad
26511,happy
26539,sad
26543,happy
2655,happy
26556,surprise
26563,happy
26566,sad
2657,sad
26572,fear
26573,sad
26578,angry
26581,sad
26582,sad
26586,sad
26597,happy
26600,sad
26612,sad
26618,neutral
26620,angry
26626,happy
26647,sad
26654,neutral
26660,happy
26665,happy
26667,sad
26670,sad
26675,sad
26676,happy
2668,angry
26682,sad
26683,sad
26702,sad
26703,happy
26708,fear
26715,neutral
26720,angry
26725,angry
26726,sad
26736,happy
26747,sad
26767,fear
2677,neutral
26771,sad
26772,sad
26775,fear
2678,happy
26789,neutral
26800,neutral
2681,sad
26819,happy
26825,surprise
26833,sad
26834,neutral
26839,sad
26840,happy
26842,disgust
26845,sad
26850,sad
26851,sad
26859,happy
26860,neutral
26873,happy
26886,neutral
26888,happy
26891,happy
26892,happy
26895,neutral
26899,sad
2690,sad
26900,sad
26901,sad
26906,happy
26907,surprise
26909,happy
26910,surprise
26913,happy
26914,happy
26916,surprise
26919,angry
26927,angry
26928,disgust
26935,happy
26944,surprise
26956,happy
26959,sad
26960,happy
26961,neutral
26963,happy
26967,happy
26970,sad
26973,fear
26978,happy
26980,sad
26981,happy
2699,sad
270,fear
27005,angry
27006,angry
27016,angry
27022,angry
27025,sad
27027,neutral
27035,sad
27039,surprise
27048,happy
27051,happy
27052,neutral
27054,happy
27070,fear
27077,fear
2709,neutral
27094,sad
27098,angry
2710,neutral
27103,angry
27105,neutral
27106,happy
27115,neutral
27117,sad
2712,sad
27124,neutral
27125,surprise
27128,happy
27140,happy
27145,sad
27152,happy
27162,happy
27165,fear
27172,happy
27174,surprise
27187,happy
27190,happy
27193,surprise
27196,happy
27197,happy
27204,neutral
27212,happy
27218,sad
27227,happy
27229,happy
27240,surprise
27246,happy
27258,sad
2727,happy
27270,surprise
27273,fear
27277,happy
27284,angry
27292,sad
27294,happy
27296,angry
27299,sad
273,sad
2730,happy
27300,fear
27305,fear
27306,neutral
27308,angry
2732,sad
27321,surprise
27325,surprise
27326,happy
27328,surprise
27329,sad
27333,happy
27334,happy
27350,sad
27359,fear
27363,fear
27365,happy
27367,happy
27369,sad
27385,angry
27400,sad
27404,angry
27405,sad
27407,happy
27410,sad
27413,angry
2742,sad
27426,happy
2744,fear
27446,happy
2745,happy
27450,fear
27452,happy
27461,sad
27464,angry
27465,neutral
2747,neutral
27471,neutral
27474,sad
2748,sad
27483,angry
27488,neutral
2750,sad
27503,angry
27508,happy
27509,happy
2751,sad
27518,sad
27522,sad
2753,angry
27533,neutral
2754,happy
27544,sad
27554,sad
27561,sad
27562,sad
27563,happy
27566,surprise
27575,happy
27576,sad
27577,surprise
2758,surprise
27585,fear
27586,happy
27588,sad
2759,surprise
27591,sad
27594,angry
27597,angry
276,surprise
2761,neutral
27616,happy
27619,sad
2762,sad
27625,happy
27629,fear
27635,sad
27636,happy
27642,sad
27645,happy
27646,neutral
27647,sad
27648,happy
27650,sad
27652,angry
27662,happy
27671,happy
27675,happy
27681,angry
27683,neutral
27692,neutral
27694,sad
27696,surprise
2770,angry
27701,happy
27704,sad
27709,sad
2771,happy
27715,surprise
27719,sad
27726,neutral
27737,neutral
2774,happy
27744,sad
27752,happy
27756,happy
27759,neutral
27764,sad
27767,sad
27770,angry
27772,fear
27774,surprise
27776,sad
27777,happy
27779,happy
27788,sad
27798,fear
27803,surprise
27806,sad
27810,sad
27823,neutral
27828,fear
27846,fear
2785,angry
27854,happy
27864,neutral
27868,sad
27873,sad
2788,sad
27887,fear
27889,surprise
2789,sad
27899,sad
2790,happy
2791,angry
27910,neutral
27913,sad
27916,surprise
27919,neutral
2792,angry
27926,surprise
27928,happy
27931,happy
27932,happy
27933,surprise
27937,neutral
27940,happy
27944,sad
27948,angry
27949,happy
2796,happy
27967,sad
27973,surprise
27979,surprise
27982,sad
27985,sad
27993,sad
27995,happy
28005,sad
28007,happy
28014,sad
28015,neutral
28025,neutral
2803,angry
28040,happy
28046,sad
2805,happy
28050,angry
28053,angry
28058,angry
2806,happy
28062,neutral
28073,sad
28076,surprise
28082,fear
28084,sad
28091,sad
2810,happy
28100,happy
28101,fear
28105,happy
28108,sad
28115,happy
28120,angry
28130,surprise
28137,angry
28138,happy
28140,happy
28143,happy
28144,neutral
28148,sad
28149,sad
28153,neutral
2816,happy
28171,sad
28182,surprise
28189,sad
2820,happy
28207,angry
28210,sad
28219,happy
28230,sad
28235,fear
28236,neutral
28243,happy
28248,sad
28249,happy
28251,neutral
28252,sad
28256,happy
28264,fear
28267,happy
28269,happy
28272,sad
28273,happy
28278,happy
28282,happy
28287,surprise
28288,angry
2829,sad
28294,sad
28296,sad
28298,sad
28300,angry
28308,angry
28328,surprise
28331,angry
28332,fear
28335,neutral
28342,fear
2835,fear
28359,sad
28367,sad
2837,surprise
28370,angry
28376,happy
28379,happy
28383,neutral
28390,angry
28396,sad
28401,happy
28415,sad
28417,fear
28421,surprise
28424,sad
28426,happy
28438,fear
28441,surprise
28448,surprise
28453,surprise
28465,sad
28471,neutral
28474,angry
28476,surprise
28478,sad
28480,fear
28482,surprise
28493,sad
28498,sad
28499,neutral
28501,surprise
28502,happy
28503,fear
28507,fear
28509,angry
28515,fear
28517,sad
28522,neutral
28525,surprise
28529,happy
28531,angry
28535,neutral
28539,sad
28543,sad
28546,sad
28547,disgust
28548,fear
28549,neutral
28552,sad
28555,sad
28560,disgust
28568,neutral
2857,happy
2858,fear
28581,happy
28585,angry
28590,happy
28594,happy
28596,neutral
2860,fear
28600,happy
2861,happy
28614,angry
28618,neutral
28620,angry
28627,fear
28632,happy
28639,surprise
28642,happy
28653,surprise
28660,angry
28666,fear
28667,surprise
2867,happy
28676,happy
28681,neutral
28688,happy
28696,sad
28700,sad
28701,neutral
28704,surprise
28707,fear
2871,sad
28710,happy
28720,angry
28723,neutral
28724,fear
28727,surprise
28729,happy
28731,sad
28734,neutral
28737,surprise
28743,sad
28749,angry
28769,neutral
28772,surprise
28782,neutral
28794,sad
28797,fear
28800,happy
28803,angry
28807,happy
28814,fear
28836,sad
28840,neutral
28842,neutral
28846,neutral
2885,happy
28854,sad
28859,sad
2886,neutral
28864,surprise
28867,angry
28871,happy
28884,sad
28895,sad
28897,happy
2890,sad
28901,surprise
28928,happy
28932,neutral
28934,happy
28938,happy
28949,happy
28951,neutral
28952,angry
28954,happy
28955,happy
28962,happy
28963,angry
28966,happy
28982,happy
28987,disgust
29003,happy
29005,sad
29009,angry
2901,angry
29019,happy
2902,sad
29020,happy
29026,fear
29027,fear
29038,fear
29043,fear
29058,sad
2906,angry
29067,happy
29068,angry
29071,happy
29074,happy
29082,sad
29085,angry
29099,sad
29110,surprise
29111,happy
29112,happy
29118,surprise
29119,angry
29121,sad
29123,happy
29126,neutral
29129,neutral
2913,happy
29132,sad
2914,happy
29150,angry
29152,sad
29158,neutral
29164,surprise
29185,happy
29194,fear
29202,happy
29205,surprise
29211,happy
29214,sad
29216,sad
29219,sad
29225,surprise
29226,happy
29243,fear
29246,sad
29248,sad
29256,sad
29258,happy
29266,sad
29269,disgust
2927,neutral
29276,surprise
29283,fear
29284,fear
29285,sad
29290,sad
29291,happy
29295,sad
29298,neutral
2930,happy
29300,happy
29305,happy
29311,sad
29315,angry
29318,sad
29319,sad
29322,sad
29324,sad
29327,sad
29329,happy
2933,angry
2934,sad
29349,surprise
29354,sad
29365,happy
29370,happy
29379,angry
2938,happy
29383,neutral
29388,neutral
29389,angry
29398,happy
29403,happy
29414,sad
29415,happy
29423,sad
29428,sad
29438,happy
2945,neutral
29456,happy
29460,happy
29464,happy
29467,happy
29471,neutral
29475,sad
29477,neutral
29478,sad
2948,happy
29484,surprise
2949,sad
29493,angry
2950,sad
29500,neutral
29504,happy
29505,neutral
29515,surprise
29516,sad
29523,angry
29525,neutral
29527,sad
29528,fear
29529,sad
2953,angry
29536,sad
29537,surprise
29540,surprise
29542,happy
29551,surprise
29553,sad
29554,sad
29555,happy
29556,neutral
29557,sad
29559,sad
2956,surprise
29561,sad
29568,sad
2957,sad
29571,angry
29578,happy
29580,happy
29581,angry
29585,sad
29588,angry
29589,happy
29603,fear
29608,neutral
29609,neutral
29614,happy
29617,sad
29618,surprise
29619,surprise
2962,happy
29622,angry
29627,sad
29628,sad
29629,sad
29632,sad
29637,neutral
29645,happy
29647,happy
29648,happy
29649,happy
2965,happy
29652,neutral
29664,sad
29669,sad
29674,angry
29677,happy
29680,happy
29685,angry
29690,surprise
29692,sad
29694,sad
29697,happy
29699,neutral
297,fear
29701,sad
29703,angry
29707,sad
29709,surprise
29713,fear
29720,fear
29724,sad
29730,angry
29731,sad
29733,sad
29735,sad
29738,sad
29756,sad
29757,sad
29758,sad
29766,sad
29769,happy
29773,sad
2978,neutral
29792,happy
29794,neutral
29795,happy
29796,surprise
29797,surprise
298,angry
29803,angry
29818,angry
29819,happy
29821,happy
29834,happy
29835,sad
2984,neutral
29840,neutral
29844,happy
29848,sad
2985,sad
29866,neutral
29869,fear
2987,angry
29871,sad
29875,sad
2988,happy
29884,sad
29889,happy
29892,sad
29893,neutral
29897,neutral
29912,neutral
29916,sad
29919,happy
29921,sad
29924,angry
29929,sad
29931,surprise
29936,sad
29937,sad
29941,sad
29944,sad
29947,angry
2995,sad
29954,happy
29970,fear
29973,sad
29977,sad
29979,happy
2998,fear
29980,angry
29981,neutral
29987,happy
29990,neutral
29991,happy
29998,sad
30,happy
3000,neutral
30001,sad
30002,sad
30004,angry
30006,happy
30015,happy
30016,happy
3002,surprise
30024,angry
30035,sad
30045,angry
30053,sad
30056,sad
30058,neutral
30059,neutral
30062,sad
30069,sad
3007,sad
30074,sad
30080,sad
30082,neutral
30085,sad
30094,fear
30099,happy
3010,sad
30102,happy
30104,sad
30114,happy
30118,sad
30119,happy
3012,sad
30121,sad
30127,happy
30143,sad
30144,neutral
3016,happy
30164,happy
30167,sad
30170,neutral
30171,happy
30173,fear
30174,happy
30181,sad
30184,surprise
30188,happy
30190,surprise
30193,happy
30196,sad
30197,angry
30206,sad
3021,angry
30216,happy
30219,sad
3022,happy
30220,sad
30221,happy
30237,fear
3024,happy
30241,happy
30245,happy
30251,fear
30253,sad
30260,sad
30273,sad
30274,neutral
30289,fear
3029,happy
30290,neutral
30292,sad
30297,neutral
30305,angry
30316,surprise
30320,neutral
30325,happy
30326,sad
30328,happy
30331,sad
30332,happy
30333,fear
30336,fear
30337,happy
30338,happy
30341,happy
30345,neutral
30346,sad
30347,sad
30358,sad
3036,sad
30371,sad
30374,neutral
30377,sad
30394,angry
30400,happy
30407,happy
30410,sad
30415,angry
30420,fear
30422,neutral
30424,happy
30428,disgust
30439,sad
30440,sad
30456,sad
30458,sad
30460,sad
30462,fear
30478,happy
30482,happy
30490,neutral
30499,disgust
3050,sad
30509,angry
3051,neutral
30530,sad
30535,fear
30537,surprise
30541,neutral
30543,sad
30546,sad
30552,sad
3056,angry
30563,neutral
30564,fear
30565,fear
3057,sad
30581,neutral
30584,sad
30585,happy
3059,sad
30594,surprise
30601,disgust
30611,sad
30619,fear
30620,surprise
30625,surprise
30628,surprise
30638,sad
30646,happy
30651,happy
30652,happy
30661,neutral
30675,happy
30683,happy
30689,neutral
3069,happy
30704,sad
30713,angry
30714,surprise
30719,disgust
30726,surprise
30728,sad
30735,angry
30737,happy
30738,surprise
30749,happy
3075,sad
30761,disgust
30763,sad
3077,happy
30772,sad
30774,angry
30779,happy
30786,fear
30789,sad
30793,neutral
30798,sad
30808,happy
30811,surprise
30817,sad
30818,sad
30820,happy
30822,happy
30823,happy
30825,happy
3083,happy
30830,happy
30835,happy
3084,happy
30850,sad
30851,happy
30853,sad
30855,happy
30856,neutral
3086,happy
30867,sad
3087,sad
30871,happy
3088,angry
30893,angry
30901,happy
30907,sad
30909,happy
30933,sad
30936,fear
3094,neutral
30943,surprise
30944,angry
30948,happy
30951,happy
30961,happy
30962,sad
30965,neutral
30976,neutral
30981,sad
30989,surprise
3099,sad
31005,fear
31007,sad
31009,sad
3101,happy
31010,sad
31029,happy
31033,sad
31042,sad
31043,neutral
31054,surprise
31056,happy
31057,neutral
3106,happy
31068,surprise
31072,sad
31080,happy
31081,sad
31083,sad
31097,fear
31099,sad
31101,happy
31102,surprise
31104,neutral
31105,angry
31107,happy
31112,happy
31113,sad
31116,fear
3112,fear
31123,angry
31130,sad
31132,sad
31137,happy
31138,happy
31139,neutral
31140,happy
31141,happy
31142,happy
31145,happy
31149,sad
3115,sad
31157,fear
31159,surprise
31164,sad
3117,happy
3118,sad
31188,fear
31189,neutral
31194,surprise
31198,surprise
312,fear
3120,happy
31203,angry
31206,fear
31209,happy
3121,sad
31223,surprise
3123,sad
31232,sad
31239,happy
3124,sad
31240,neutral
31248,sad
31257,neutral
31263,neutral
31265,sad
31285,happy
31286,fear
31295,happy
31307,sad
3131,happy
31316,happy
3132,happy
31323,fear
31328,sad
31330,fear
31332,sad
31341,sad
31347,sad
31353,surprise
31357,fear
31364,surprise
31366,happy
31367,sad
3137,angry
31371,neutral
31373,neutral
31375,neutral
3138,happy
31384,happy
3139,sad
31390,sad
31395,sad
31398,surprise
314,sad
31409,sad
31421,sad
31424,sad
3144,happy
31440,happy
3146,happy
31461,neutral
31478,neutral
31483,angry
31486,angry
31491,angry
31506,sad
31510,fear
31526,sad
31527,sad
31529,neutral
31533,surprise
31534,sad
31535,sad
31542,happy
31544,sad
31546,sad
31551,happy
31561,neutral
31563,surprise
31569,fear
3157,surprise
31571,happy
31572,happy
31591,neutral
31609,happy
3162,happy
31625,sad
31627,happy
31629,happy
31631,fear
31634,sad
31635,fear
31638,sad
31643,sad
31653,sad
31655,sad
31659,sad
31662,surprise
31663,sad
31665,sad
31669,angry
3169,sad
31693,sad
31697,happy
3170,surprise
31703,sad
31712,neutral
31713,angry
31720,sad
31738,fear
3174,sad
31742,happy
31752,happy
3176,sad
31774,sad
31775,surprise
31781,surprise
31782,fear
31784,surprise
31796,neutral
31799,surprise
31806,happy
31811,angry
31814,surprise
3182,sad
31820,happy
31821,fear
31826,surprise
31828,disgust
31833,happy
31836,sad
31849,surprise
31853,happy
31855,fear
31857,happy
31858,happy
3186,angry
31860,sad
31866,happy
31869,sad
3187,sad
31870,happy
31872,neutral
31873,angry
3188,happy
31882,happy
31897,happy
31899,surprise
31903,fear
31908,happy
3191,neutral
31916,angry
31928,angry
31929,surprise
31940,sad
31949,sad
31952,happy
31953,fear
31954,neutral
31961,surprise
31973,sad
31977,happy
31979,sad
31987,happy
31997,sad
32005,sad
32023,sad
32024,sad
32029,fear
3204,neutral
32046,happy
32047,happy
32048,happy
32051,angry
3206,happy
32069,neutral
32071,neutral
32076,neutral
32081,neutral
3209,happy
32097,fear
32103,sad
32132,surprise
32139,neutral
32142,happy
32144,happy
3215,sad
32153,fear
32161,neutral
32165,sad
32175,sad
32177,happy
32179,surprise
32180,sad
32183,sad
32189,sad
32202,sad
3221,sad
32216,happy
32223,sad
3223,surprise
32231,angry
3224,fear
32243,surprise
32248,happy
3226,angry
32268,sad
32278,disgust
32279,fear
32281,angry
32296,angry
32297,sad
32298,angry
32308,happy
32315,surprise
32321,neutral
32323,fear
32324,surprise
32330,sad
32334,surprise
32336,fear
32344,happy
32349,fear
3235,angry
32351,angry
32352,neutral
32354,surprise
32355,neutral
32360,neutral
32365,surprise
32367,sad
32371,sad
32372,happy
32377,happy
32382,happy
32383,sad
32388,happy
32391,sad
32394,sad
32395,surprise
32402,happy
32405,surprise
32420,surprise
32422,neutral
32432,surprise
32438,sad
32439,happy
32443,sad
32445,sad
3245,sad
32454,surprise
32461,angry
32463,fear
32464,sad
32467,neutral
3247,sad
32473,fear
32479,neutral
3248,angry
32481,sad
32485,sad
32487,fear
325,happy
3250,happy
32506,happy
32507,sad
32508,neutral
32510,surprise
32512,angry
32516,neutral
32530,happy
32541,happy
32544,happy
32547,surprise
32551,sad
32565,neutral
32568,happy
32569,fear
32570,angry
32574,happy
32575,sad
32580,angry
32582,neutral
32584,angry
32587,neutral
32595,happy
3260,happy
32605,sad
32607,happy
32613,sad
32614,happy
32617,fear
32619,neutral
32623,sad
32624,sad
32627,happy
3263,sad
32630,surprise
32636,angry
32642,fear
32662,sad
32671,sad
32681,disgust
32682,angry
32683,happy
32684,surprise
32688,sad
3269,surprise
32692,sad
32695,sad
32696,fear
32711,angry
32725,sad
32727,fear
32730,sad
32734,fear
32744,sad
32753,surprise
32755,sad
32756,surprise
32758,sad
3276,happy
32763,happy
32766,sad
32768,neutral
32769,happy
32773,happy
32777,angry
32778,sad
3278,happy
32782,neutral
32792,sad
32796,happy
32799,sad
32814,sad
32817,neutral
32818,fear
32826,happy
32829,neutral
32835,happy
32836,neutral
32837,angry
32838,happy
32843,sad
32849,sad
32855,angry
32859,happy
32861,sad
32870,neutral
32876,angry
32879,sad
32889,angry
32894,surprise
32898,sad
32903,sad
32905,fear
32911,fear
32913,happy
32914,neutral
32917,happy
32931,angry
32932,sad
32935,happy
32939,sad
32940,surprise
32941,neutral
32946,fear
32950,happy
32952,happy
32953,happy
32958,happy
3296,neutral
32965,sad
32968,neutral
3297,sad
32972,angry
32973,happy
32978,sad
32979,surprise
32982,sad
32993,happy
32996,neutral
32997,happy
32998,happy
330,surprise
33005,neutral
33007,angry
33013,happy
33015,sad
33016,neutral
33017,happy
33022,neutral
33024,happy
3303,sad
33031,sad
33039,fear
33046,happy
33049,neutral
33051,sad
33052,surprise
33055,surprise
33065,happy
33066,sad
33071,sad
33072,surprise
33079,fear
33084,happy
33089,sad
33091,happy
33094,happy
33097,fear
331,happy
33100,neutral
33105,angry
33124,sad
3313,happy
33131,angry
3314,neutral
33144,happy
33147,surprise
33152,sad
33159,neutral
33174,happy
33175,happy
3318,sad
33180,surprise
33182,angry
33188,happy
33209,angry
33212,happy
33213,neutral
33215,fear
33216,happy
33219,sad
33221,sad
33227,fear
33228,happy
33231,neutral
33240,sad
33243,sad
33247,sad
33255,neutral
33258,sad
33268,fear
3327,sad
33276,neutral
33283,happy
33284,disgust
33290,surprise
33295,sad
33299,fear
333,happy
33301,happy
33302,sad
33308,angry
33316,surprise
33317,neutral
33319,happy
33320,sad
33322,neutral
33326,surprise
33329,surprise
33331,happy
3334,sad
33343,happy
33346,sad
33352,angry
33357,happy
33358,fear
33364,surprise
33366,sad
33371,sad
33373,fear
33375,happy
33376,angry
33378,surprise
33381,neutral
33390,neutral
33399,sad
33405,angry
33407,happy
33410,angry
33411,surprise
33419,happy
33421,neutral
33423,happy
33440,surprise
33444,sad
33450,neutral
33452,neutral
33455,sad
33459,neutral
33460,happy
33463,happy
33468,sad
33471,neutral
33490,sad
33492,sad
33494,angry
33514,sad
33516,sad
33518,happy
33519,sad
33523,happy
33525,happy
33526,sad
33530,happy
33533,happy
33535,sad
33538,happy
3354,surprise
33544,sad
33548,fear
33559,angry
33560,neutral
33561,disgust
33564,happy
33573,angry
33587,fear
336,surprise
33608,sad
33609,sad
33610,happy
33617,sad
33628,sad
33633,sad
33636,neutral
33640,sad
33642,neutral
33644,surprise
33648,happy
33660,happy
33666,neutral
33667,surprise
33670,disgust
33673,surprise
33674,fear
33675,happy
33677,fear
33686,sad
33690,happy
33691,sad
33693,fear
33699,neutral
3370,angry
33701,fear
33710,fear
33718,angry
33727,happy
33729,angry
33736,sad
33745,surprise
33747,neutral
3375,neutral
33757,happy
33759,neutral
33762,sad
3377,sad
3378,sad
33780,sad
33785,neutral
33786,neutral
33789,surprise
33794,neutral
338,angry
33800,happy
33802,happy
33806,sad
33807,neutral
33809,angry
33813,happy
33819,neutral
3382,sad
33820,fear
33829,neutral
33842,happy
33853,happy
33855,sad
33856,sad
33858,neutral
33863,neutral
33865,neutral
33870,neutral
33874,happy
33879,surprise
33880,neutral
33890,neutral
33894,sad
3391,angry
33915,sad
33917,happy
33919,fear
3392,fear
33924,happy
33926,angry
3393,sad
33933,happy
33935,disgust
33936,sad
33938,happy
33940,sad
3395,sad
33962,sad
33965,neutral
33977,angry
33981,happy
33987,sad
33988,sad
33993,surprise
33995,disgust
33997,surprise
33998,angry
33999,happy
340,sad
34004,angry
34015,happy
3402,sad
34022,angry
34024,surprise
3403,sad
34034,surprise
34036,happy
34037,neutral
34039,surprise
3404,neutral
34040,sad
34049,happy
34057,happy
34059,sad
34063,fear
34070,sad
34072,surprise
34087,happy
34088,fear
3409,angry
34093,neutral
34097,sad
34098,happy
341,happy
3410,neutral
34100,neutral
34102,happy
3411,happy
34117,neutral
34119,happy
3412,angry
34120,sad
34121,sad
34129,sad
34131,sad
34134,surprise
34138,angry
3414,happy
34143,angry
34151,angry
34161,neutral
34162,surprise
34170,happy
34175,neutral
34176,sad
34178,angry
34184,angry
34195,sad
34201,angry
34205,neutral
34212,happy
34219,happy
3422,happy
34226,happy
3423,surprise
34234,happy
34237,surprise
34238,angry
34242,sad
34244,happy
34250,sad
34252,sad
34257,happy
34259,fear
34269,happy
34272,neutral
34277,sad
34279,neutral
34288,fear
34295,happy
34302,happy
34308,neutral
3431,happy
34316,happy
34324,neutral
34325,fear
3433,angry
34335,neutral
34352,sad
34356,neutral
34359,happy
34361,happy
34363,sad
34375,neutral
34382,fear
34385,neutral
34386,happy
34387,happy
34396,happy
34397,happy
34400,surprise
34408,sad
34412,neutral
34413,fear
34415,sad
34416,happy
34427,angry
34432,disgust
34435,happy
34437,happy
34439,sad
34448,sad
3445,surprise
34462,fear
34464,happy
34465,disgust
34468,happy
3447,sad
34471,angry
34474,angry
34477,angry
34483,happy
3449,sad
34498,happy
34505,sad
34507,sad
34509,angry
34510,neutral
34513,sad
34519,angry
3452,happy
34522,happy
34526,sad
34530,neutral
34533,neutral
34539,neutral
34545,neutral
34546,surprise
34555,sad
34557,surprise
34567,happy
34569,happy
34581,angry
34585,happy
34592,angry
34596,sad
34598,sad
34599,happy
34600,happy
34605,sad
34610,sad
34612,neutral
34613,sad
34620,angry
34629,fear
34633,sad
34644,sad
34645,happy
34649,happy
3465,happy
34656,happy
34659,fear
34664,surprise
3467,angry
34673,fear
34674,surprise
34675,fear
34679,sad
34685,neutral
34688,surprise
34694,sad
34714,angry
3472,sad
34720,happy
34722,fear
34724,happy
34730,happy
34737,happy
34753,happy
34755,surprise
34756,fear
34759,happy
34761,happy
34768,sad
3477,sad
34772,happy
34778,angry
34787,fear
34788,sad
34798,fear
34799,sad
34813,surprise
34820,sad
34827,sad
34829,happy
34836,happy
34840,happy
34841,happy
34844,surprise
34854,sad
34861,happy
34870,neutral
34875,neutral
34878,sad
34879,fear
34897,sad
34904,surprise
34905,angry
34913,sad
34917,sad
3492,sad
34920,sad
34926,surprise
34941,happy
34945,angry
34965,happy
34968,sad
34969,happy
34972,sad
34978,fear
34979,neutral
34984,fear
34985,sad
34986,surprise
34988,sad
34991,angry
350,sad
35009,angry
35010,sad
3502,sad
35022,fear
35028,sad
35030,surprise
35034,happy
35039,fear
35041,fear
35043,sad
35049,surprise
35058,sad
35059,angry
3506,sad
35063,surprise
35075,sad
3508,sad
35083,surprise
35084,sad
35101,happy
35108,sad
35116,sad
35117,happy
35118,surprise
35120,sad
35121,fear
35129,sad
35131,sad
35142,happy
35144,surprise
35145,sad
35148,happy
35149,neutral
35151,surprise
35153,happy
35154,surprise
35156,sad
35162,sad
35163,happy
35177,fear
3518,sad
35183,sad
35192,sad
35194,surprise
35199,happy
35200,happy
35201,surprise
35202,fear
35207,fear
35209,happy
3521,fear
35210,sad
35212,surprise
35214,sad
35216,happy
3522,neutral
35226,neutral
35229,neutral
35230,fear
35237,surprise
35238,surprise
35241,sad
35250,angry
35255,neutral
35257,sad
35261,happy
35267,neutral
35276,surprise
35279,sad
35291,happy
35297,sad
35298,happy
35318,fear
35321,sad
35322,sad
35332,neutral
35334,angry
35341,sad
35346,happy
3535,sad
35355,fear
35356,neutral
35362,angry
35363,fear
35364,happy
35369,happy
3537,neutral
35370,sad
35372,happy
35375,happy
35376,disgust
3538,happy
35384,surprise
35386,sad
35387,surprise
35394,neutral
35399,neutral
35400,neutral
35407,angry
35408,neutral
35410,sad
35411,fear
35425,angry
35427,fear
3543,sad
35439,angry
35447,sad
35453,fear
35454,happy
3546,sad
35481,happy
35484,neutral
35497,happy
35511,surprise
35514,angry
35520,neutral
35524,surprise
35528,fear
35530,fear
35536,neutral
35541,surprise
35546,sad
35547,happy
35552,fear
35559,fear
35567,fear
35576,neutral
3558,angry
35580,disgust
35582,happy
35592,fear
35598,happy
356,angry
35603,happy
35605,sad
35608,neutral
35615,fear
35628,sad
35629,fear
35639,neutral
3564,sad
35644,happy
3565,fear
35657,sad
35659,angry
3566,neutral
35664,sad
35669,sad
35677,happy
35681,angry
35682,fear
35684,surprise
35685,sad
35688,surprise
35691,sad
35697,fear
35698,happy
3570,neutral
35704,sad
35707,happy
35709,angry
35721,happy
35724,disgust
35731,sad
35737,sad
3574,sad
3575,sad
35753,sad
35754,neutral
35755,sad
35757,fear
35764,sad
35767,happy
35768,sad
35771,happy
35775,neutral
35787,sad
35790,surprise
35792,happy
35794,happy
35802,sad
35804,happy
35805,angry
35809,sad
35812,neutral
35820,angry
35823,neutral
35828,angry
35833,surprise
3584,surprise
35850,happy
35851,neutral
35852,neutral
35856,happy
35857,surprise
35860,happy
35869,happy
35872,neutral
35873,sad
35881,angry
35884,neutral
359,sad
3590,happy
3599,sad
3600,sad
3601,fear
3603,surprise
3607,surprise
3610,sad
3632,sad
3634,neutral
3635,neutral
3645,sad
3647,neutral
365,fear
3653,sad
366,neutral
3661,neutral
3662,happy
3663,happy
3675,surprise
3690,fear
3691,fear
370,angry
3700,neutral
3709,surprise
3714,angry
3719,neutral
3722,fear
3729,neutral
3731,angry
3736,neutral
3739,sad
3742,neutral
3755,neutral
3756,fear
3763,happy
3765,surprise
3766,sad
3767,sad
377,sad
3772,sad
3778,disgust
3783,neutral
3785,neutral
3792,fear
3795,sad
38,angry
3802,angry
3811,happy
3818,happy
3819,sad
3825,neutral
3836,sad
3837,neutral
3839,neutral
3842,happy
3855,happy
3858,surprise
3862,neutral
3869,sad
3870,neutral
3874,happy
3875,happy
3878,happy
3891,angry
3899,neutral
3906,happy
3909,sad
3913,sad
3922,sad
3925,surprise
3929,neutral
3932,angry
3951,sad
3953,neutral
3958,angry
3959,sad
3969,happy
3972,sad
3977,fear
3978,happy
3982,fear
3985,happy
3986,neutral
3988,sad
4002,sad
4004,disgust
4015,angry
4029,happy
4033,surprise
4036,surprise
404,sad
4040,sad
4041,happy
405,neutral
4060,sad
4062,neutral
4064,fear
4072,fear
4076,surprise
4077,angry
4080,neutral
4084,happy
4086,surprise
4090,happy
4094,happy
4098,happy
41,neutral
4100,sad
4107,happy
4114,angry
4124,neutral
413,surprise
4130,sad
4133,happy
4137,happy
414,sad
4156,sad
4159,happy
4165,happy
4169,happy
4174,happy
418,sad
4182,happy
4185,sad
4194,sad
4196,sad
4199,surprise
4200,surprise
4207,happy
4217,sad
422,sad
4223,sad
4226,sad
4229,happy
4233,neutral
4234,neutral
4242,sad
4243,surprise
4248,happy
4264,happy
4265,fear
4269,happy
4274,sad
4284,happy
4289,sad
4295,neutral
4296,fear
4306,angry
4308,fear
4312,angry
4314,neutral
4316,surprise
4317,sad
4324,angry
4328,neutral
4339,neutral
4340,sad
4345,surprise
4347,surprise
4349,sad
435,surprise
4352,sad
4363,happy
4366,sad
4372,neutral
438,surprise
4380,sad
4381,happy
4384,angry
4389,neutral
4390,surprise
4394,sad
4396,fear
4397,sad
44,sad
440,happy
4411,fear
4412,neutral
4415,sad
4431,surprise
4433,happy
4441,sad
4443,neutral
4449,sad
4453,fear
4459,sad
446,happy
4468,angry
4480,happy
4481,angry
4482,sad
4485,happy
4486,happy
449,surprise
4492,happy
4502,happy
4506,happy
4513,surprise
4516,fear
452,happy
4523,fear
4526,happy
4534,neutral
4536,surprise
454,sad
4540,sad
4547,angry
4549,disgust
4552,sad
4553,happy
4558,happy
4563,neutral
4570,happy
4572,sad
4573,sad
4574,neutral
4576,happy
4579,angry
4580,happy
4589,happy
4594,neutral
4596,sad
460,fear
4606,happy
4607,happy
4615,neutral
4616,angry
4620,happy
4621,surprise
4624,neutral
4634,happy
4636,surprise
4637,neutral
4640,happy
4649,happy
4650,surprise
4653,happy
4657,happy
4660,sad
4665,angry
4666,sad
4670,sad
4672,sad
4685,surprise
4697,sad
4698,surprise
4700,neutral
4714,sad
4734,sad
4736,angry
4737,disgust
4748,sad
4751,fear
4752,fear
4764,sad
4770,sad
4771,sad
4777,neutral
478,sad
4786,happy
4791,sad
4793,neutral
4797,surprise
4802,neutral
4803,happy
4807,fear
4811,sad
4814,happy
4821,fear
4825,neutral
4827,happy
4829,neutral
483,sad
4832,happy
4849,happy
485,happy
4858,surprise
4860,sad
4868,neutral
487,happy
4870,neutral
4878,sad
4883,neutral
4888,sad
4895,surprise
4901,happy
4910,happy
4912,sad
4917,neutral
4935,neutral
4937,sad
4940,sad
4948,happy
4951,sad
4953,angry
4958,happy
4975,surprise
4979,sad
4980,happy
4986,fear
4987,sad
4988,happy
4996,happy
4998,sad
500,sad
5004,sad
5006,happy
5008,happy
5010,angry
5023,surprise
5037,surprise
504,sad
5046,sad
5048,happy
505,sad
5053,neutral
5055,angry
5056,sad
5058,neutral
5060,sad
5061,sad
5062,happy
5064,neutral
507,surprise
5073,neutral
5074,neutral
5077,surprise
508,surprise
5085,angry
5087,happy
5089,happy
5097,happy
51,neutral
5100,neutral
5101,fear
5102,happy
5107,happy
5110,sad
5116,neutral
5117,angry
5127,happy
5138,surprise
5147,sad
5154,neutral
5166,sad
5170,sad
5176,happy
5177,sad
5178,surprise
518,happy
5184,sad
5186,sad
5209,happy
521,happy
5220,angry
5222,surprise
5224,sad
5229,happy
5233,angry
5244,sad
5253,surprise
5258,neutral
5259,surprise
5263,fear
5264,happy
5267,happy
5269,happy
527,happy
5278,happy
5279,happy
5283,sad
5289,happy
5293,neutral
5303,happy
531,happy
5310,surprise
5312,sad
5317,neutral
5318,sad
5323,neutral
533,fear
5340,happy
5345,neutral
5356,happy
5360,fear
5361,sad
5374,sad
5375,surprise
538,fear
5385,sad
5400,angry
541,neutral
5417,happy
5419,surprise
542,neutral
5422,surprise
5432,sad
5434,fear
5435,sad
5444,happy
5445,happy
5446,sad
5449,neutral
5450,surprise
5452,happy
5459,angry
546,sad
5466,angry
5468,happy
547,neutral
5472,sad
5477,happy
5490,sad
5493,happy
551,sad
5513,surprise
5514,sad
5519,sad
5523,happy
5527,sad
553,happy
5530,surprise
5536,neutral
5548,sad
5549,sad
5558,neutral
5560,sad
5561,neutral
5564,surprise
5567,sad
5570,angry
5582,sad
5591,neutral
5594,happy
5595,surprise
5607,sad
5610,neutral
5618,happy
5622,fear
5629,neutral
5636,surprise
5637,angry
5638,sad
5642,sad
5651,sad
5654,sad
5664,surprise
5674,happy
568,happy
5687,neutral
5689,sad
5694,happy
5695,neutral
5705,happy
5706,fear
5708,sad
5710,neutral
5713,happy
5714,happy
5715,neutral
5717,neutral
5719,happy
5724,neutral
573,disgust
5732,angry
5736,surprise
5739,neutral
5748,neutral
5749,neutral
5753,happy
5766,neutral
5771,surprise
5778,neutral
5780,surprise
5783,neutral
5784,neutral
5792,sad
5797,happy
580,sad
5800,happy
5807,happy
5809,fear
5810,fear
5811,neutral
5812,happy
5822,sad
5831,angry
5835,happy
5836,sad
584,happy
5853,sad
5855,fear
5857,happy
5858,sad
5859,fear
5865,sad
5883,sad
5888,happy
589,happy
5891,happy
5893,neutral
5902,fear
5904,happy
5910,sad
5912,fear
5919,sad
5931,sad
5938,surprise
594,sad
5942,happy
5943,sad
5953,sad
5954,happy
5957,angry
596,neutral
5961,sad
5962,fear
5968,happy
5976,neutral
5977,sad
5984,neutral
5988,sad
5989,sad
5992,sad
5995,sad
5997,fear
60,fear
6009,sad
601,neutral
6017,angry
6025,sad
6029,happy
6033,angry
6035,sad
6037,fear
6045,happy
6046,neutral
6050,surprise
6052,happy
6054,sad
6059,neutral
6062,angry
6064,fear
6075,angry
6078,neutral
608,sad
6088,sad
6091,fear
6095,happy
6103,neutral
6106,neutral
6109,sad
6110,happy
6119,sad
6123,happy
6129,angry
613,sad
6136,sad
6137,sad
6149,sad
615,sad
6152,sad
6153,sad
6155,neutral
6158,neutral
6167,surprise
6169,happy
6175,happy
6176,angry
6179,angry
6180,sad
6183,happy
6184,surprise
6187,fear
6193,sad
62,happy
620,happy
6206,neutral
6214,surprise
6215,sad
6216,surprise
6217,happy
6219,surprise
6225,fear
6231,angry
6232,angry
6236,neutral
624,sad
6246,happy
6247,happy
6265,happy
6272,happy
6274,angry
6278,angry
628,neutral
6283,disgust
629,happy
6304,sad
6309,surprise
6311,disgust
6312,sad
6321,neutral
633,sad
6343,angry
6345,neutral
6346,sad
6347,fear
6351,happy
6353,sad
6360,surprise
6364,sad
6365,sad
6366,surprise
6368,happy
6375,angry
6378,happy
6388,sad
639,sad
6390,angry
6394,happy
6397,sad
6400,fear
6403,happy
6410,fear
6412,sad
6415,surprise
6416,happy
6420,fear
6425,surprise
6426,sad
6427,surprise
644,neutral
6444,happy
6449,sad
6457,happy
6459,sad
6467,sad
6469,happy
647,neutral
6471,angry
6473,happy
6484,angry
649,sad
6492,angry
6495,fear
65,sad
6500,happy
6502,neutral
651,neutral
6515,sad
6518,surprise
6521,angry
6522,happy
6527,neutral
6529,sad
6532,sad
654,neutral
6547,sad
655,happy
6551,neutral
6555,sad
6557,sad
6561,angry
6563,sad
6566,fear
657,happy
6577,happy
6580,sad
6581,angry
6584,fear
659,happy
6598,surprise
6599,angry
6603,surprise
6608,sad
6616,angry
6618,angry
662,neutral
6621,angry
6645,sad
6647,surprise
665,sad
6652,angry
6660,sad
6664,sad
6677,happy
6686,happy
6689,happy
6691,happy
670,surprise
6700,happy
6703,neutral
6710,sad
6711,happy
6716,neutral
6720,angry
6726,angry
673,neutral
6732,angry
6735,sad
6739,angry
674,sad
6744,sad
6745,sad
6747,neutral
675,surprise
6759,happy
676,neutral
6766,angry
6771,sad
6776,happy
6784,happy
6792,sad
6797,fear
680,sad
6808,surprise
6809,happy
681,sad
6811,happy
6813,neutral
6814,sad
6818,happy
6833,sad
6836,sad
6842,sad
6860,sad
6865,happy
6869,sad
6876,sad
6877,surprise
688,sad
689,sad
6890,sad
6891,neutral
6897,sad
690,happy
6901,happy
6902,neutral
6904,sad
6909,fear
6914,happy
6915,surprise
692,surprise
6923,angry
6926,disgust
6928,surprise
693,neutral
6930,fear
6934,sad
6935,happy
6955,angry
6957,angry
6960,sad
6964,sad
6965,angry
6966,surprise
6973,fear
6977,happy
6988,sad
6989,happy
70,sad
7008,neutral
7009,sad
7015,fear
7017,neutral
7020,happy
7024,surprise
7026,happy
7027,sad
7029,happy
7030,angry
7032,happy
7037,sad
7038,fear
7039,sad
7056,angry
7065,happy
7068,disgust
7077,sad
7080,happy
7092,neutral
7100,neutral
7102,fear
7103,neutral
7110,angry
7116,happy
7119,fear
712,sad
7121,sad
7129,fear
7131,angry
7136,angry
7146,sad
7150,angry
7153,surprise
7158,fear
7159,happy
7162,happy
7165,sad
7174,sad
7182,fear
7191,happy
7192,disgust
7198,sad
7200,happy
7203,surprise
721,happy
7211,surprise
7219,neutral
7220,sad
7232,sad
7239,neutral
7244,happy
7245,happy
7253,sad
7254,neutral
7257,angry
726,sad
7261,sad
7268,sad
727,sad
7270,neutral
7271,sad
7273,neutral
7274,sad
7275,sad
7284,happy
7287,sad
729,sad
7291,neutral
7292,sad
7299,happy
73,fear
7301,sad
7302,surprise
7305,happy
7333,happy
7335,happy
7337,happy
7348,fear
7350,surprise
7361,neutral
7366,happy
7371,neutral
7376,neutral
7379,happy
738,sad
7392,happy
7394,sad
7398,sad
7400,happy
7405,fear
7406,sad
7409,angry
741,neutral
7413,happy
7425,angry
7430,disgust
7441,happy
7455,disgust
7459,surprise
7462,fear
7466,sad
7475,neutral
7490,sad
7492,sad
7502,fear
7511,angry
7512,angry
7517,angry
7531,happy
7532,happy
7536,happy
7537,fear
7542,angry
7548,happy
7550,happy
7551,happy
7559,fear
7561,neutral
7562,surprise
7566,sad
7569,neutral
7571,neutral
7580,neutral
7582,surprise
7588,neutral
7589,happy
759,happy
7590,happy
7592,disgust
7599,sad
7603,happy
761,sad
7618,sad
7623,neutral
7626,surprise
7630,neutral
764,sad
7655,angry
7659,happy
766,sad
7664,sad
7668,sad
767,neutral
7672,happy
7674,happy
7675,sad
7679,angry
7680,happy
7681,surprise
7684,fear
7700,happy
7702,happy
7712,happy
7713,happy
7717,sad
7724,happy
7729,happy
7737,sad
774,happy
7748,fear
7749,fear
7753,happy
7755,sad
7756,fear
7761,surprise
7762,happy
7765,neutral
7772,neutral
7773,neutral
7774,happy
7776,neutral
7777,angry
7786,sad
7788,sad
7793,sad
78,surprise
7804,happy
7806,sad
7811,sad
7813,happy
7815,happy
7819,sad
7823,sad
7827,happy
783,sad
7831,neutral
7835,disgust
7845,happy
7846,sad
7848,sad
7865,surprise
7871,sad
7874,surprise
7875,sad
7877,sad
7878,neutral
788,happy
7881,happy
7886,neutral
7892,sad
7894,neutral
7903,neutral
7905,happy
7916,happy
7919,sad
7926,surprise
7932,neutral
7937,happy
794,sad
7943,sad
7948,neutral
7953,angry
7957,happy
7962,angry
7963,sad
7975,happy
7976,sad
7979,fear
798,angry
7980,happy
7986,happy
8,happy
80,happy
800,sad
8000,angry
8001,angry
8003,happy
8016,surprise
8020,neutral
8021,neutral
8027,neutral
8034,happy
8035,fear
8039,sad
8040,fear
8042,surprise
8043,happy
8049,happy
8052,angry
8054,neutral
8056,sad
8063,surprise
8065,happy
8067,angry
807,sad
8076,sad
8082,happy
8083,neutral
8086,disgust
8089,neutral
8096,neutral
8098,sad
8099,neutral
8102,sad
8103,neutral
8105,neutral
8115,surprise
8119,sad
8130,angry
8137,surprise
8141,neutral
8143,surprise
8146,fear
8151,angry
816,sad
8163,neutral
8164,sad
817,happy
8173,surprise
8177,happy
8178,sad
8179,angry
8188,happy
8197,sad
8203,angry
8211,neutral
8216,sad
822,fear
8223,sad
8228,happy
8233,neutral
8238,sad
8239,happy
8240,happy
8247,neutral
8252,sad
8262,neutral
8264,sad
8266,sad
8267,neutral
8268,happy
8275,angry
8276,happy
8280,neutral
8284,happy
8293,happy
8295,sad
8299,sad
8301,happy
8303,happy
8309,happy
8316,happy
8322,sad
8329,surprise
8331,happy
8333,sad
8334,happy
8338,happy
8347,sad
8350,fear
8352,sad
8355,happy
8373,neutral
838,neutral
8389,sad
8390,sad
8392,neutral
8402,sad
8404,surprise
841,sad
8410,happy
8415,sad
842,sad
8421,surprise
8424,happy
843,fear
8430,sad
8433,sad
8434,sad
8439,surprise
8449,happy
8454,sad
8457,happy
8471,sad
8473,happy
8474,angry
8478,happy
8481,neutral
8483,sad
8489,surprise
8498,neutral
85,sad
8516,sad
8525,sad
8536,neutral
8539,happy
854,angry
8548,happy
855,sad
8555,neutral
8556,happy
8559,happy
856,happy
8580,sad
8581,sad
8585,disgust
859,happy
8593,sad
8599,angry
861,angry
8611,angry
8614,fear
8637,fear
8639,sad
8645,surprise
8649,sad
8657,angry
8659,sad
8661,sad
8662,happy
867,fear
8672,sad
8677,happy
8682,happy
8685,angry
8687,neutral
8691,fear
8694,neutral
8702,sad
8704,happy
8718,surprise
8719,angry
872,fear
8724,sad
8726,fear
873,happy
8734,happy
8736,happy
8738,sad
8753,happy
8754,neutral
8756,sad
8761,sad
8762,neutral
8763,fear
8768,happy
8782,sad
8788,angry
8795,happy
8797,sad
880,angry
8802,sad
8814,neutral
8818,surprise
8820,happy
8834,neutral
8837,surprise
8842,sad
8851,sad
886,angry
8861,happy
8862,fear
8863,fear
8864,happy
8868,neutral
8876,sad
8880,happy
8886,happy
8892,sad
8893,disgust
8902,angry
891,neutral
8915,happy
8916,angry
8919,sad
8925,neutral
8928,surprise
8940,happy
8946,neutral
8948,disgust
895,sad
8953,sad
8955,sad
8958,sad
8960,happy
8969,angry
897,happy
8973,surprise
8976,neutral
898,neutral
8980,sad
8993,happy
9005,happy
9006,fear
9011,neutral
9012,sad
9016,neutral
9017,surprise
9021,angry
9028,sad
9037,fear
9040,fear
9043,sad
9046,neutral
9050,sad
9059,sad
906,happy
9060,happy
9066,sad
9069,sad
9070,happy
9071,happy
9073,sad
9082,sad
9085,happy
9087,sad
9094,happy
9099,neutral
9100,angry
9101,sad
911,angry
9118,surprise
9119,sad
9128,neutral
913,angry
9141,surprise
9142,happy
9147,happy
9149,neutral
915,sad
9152,happy
9156,surprise
9162,surprise
9167,happy
917,happy
9170,neutral
9171,sad
9174,happy
9179,sad
9180,happy
9202,happy
9205,fear
9206,happy
9209,neutral
9219,sad
922,sad
9221,happy
9222,happy
9232,surprise
9235,neutral
9238,neutral
9246,sad
9251,fear
9252,neutral
9261,fear
9266,angry
9267,sad
9272,happy
9273,happy
9276,sad
9281,fear
9286,happy
9288,sad
9292,sad
9293,fear
9297,disgust
9302,sad
9309,surprise
9324,happy
9327,sad
9331,angry
9333,sad
9335,sad
9338,angry
9355,neutral
9356,happy
9360,sad
9367,surprise
9369,surprise
9370,angry
9371,happy
9380,fear
9381,sad
9387,sad
9392,happy
9400,happy
9405,happy
9412,sad
9415,neutral
9416,happy
942,happy
9420,neutral
9434,neutral
9437,happy
9442,happy
9450,sad
9453,neutral
9454,sad
9457,sad
9459,sad
9460,disgust
9463,sad
9465,neutral
9467,surprise
947,surprise
9473,sad
9474,happy
9476,happy
9477,neutral
9486,happy
949,sad
9498,sad
9499,surprise
9504,sad
9507,neutral
9508,sad
951,happy
9538,happy
9541,surprise
9542,sad
9543,neutral
9546,fear
9548,happy
9560,angry
9567,fear
9570,happy
9571,happy
9598,neutral
9599,happy
9602,angry
9605,sad
9606,fear
9611,sad
9615,angry
9630,surprise
9640,fear
9644,neutral
966,sad
9681,surprise
9687,happy
9689,happy
9691,sad
9693,sad
9698,sad
9701,surprise
9712,surprise
9713,neutral
9715,angry
9718,happy
973,happy
9748,sad
9769,sad
977,sad
9773,neutral
9774,happy
9776,happy
9785,fear
9786,sad
98,sad
9800,happy
9802,sad
9803,sad
9806,surprise
9811,sad
9830,happy
9833,happy
9838,fear
9841,sad
9842,angry
9845,happy
9853,surprise
9862,fear
9864,sad
9865,happy
9867,neutral
987,sad
9874,neutral
9878,happy
9884,sad
9885,sad
9889,neutral
9890,happy
9893,happy
9897,happy
9898,angry
9901,angry
9923,sad
993,surprise
9931,angry
9933,angry
9936,sad
9975,happy
9977,happy
9979,happy
9982,happy
9984,neutral
9993,neutral
